StudentID,NoPaymentDue,Service,Disabled,Unemployed,Units,Region,Marital_Status,Gender,Longest_Absence_From_School,Filed_For_Bankruptcy,DecisionStyle,CommunityOrientedScore,Parent_Education_Level,Loan_Amount,school,LongTermPlanningScore_quartiles,PowerOrientedScore_quartiles,Family_Income_Quartiles,Credit_Score_Raw_Quartiles,Credit_Score_AgeAdj_Quartiles,Average_HS_Score_Bins
1000,1,1,1,0,0,1,1,0,1,1,1,3,1,0,1,3,3,0,3,3,2
1000,1,1,1,0,1,1,1,0,1,1,1,3,1,0,0,3,3,0,3,3,2
999,1,1,1,1,0,2,1,0,0,0,0,3,0,0,0,1,3,1,3,2,2
998,1,0,1,1,0,5,0,0,0,0,0,3,3,0,1,3,3,1,3,1,1
998,1,0,1,1,0,5,0,0,0,0,0,3,3,0,0,3,3,1,3,1,1
996,1,1,1,0,1,3,1,0,1,1,1,3,0,0,0,3,3,2,2,3,2
994,1,0,1,1,1,3,1,1,0,1,1,3,3,1,1,3,3,3,2,3,2
993,1,1,1,0,0,1,0,0,0,1,1,3,1,0,1,2,3,3,1,3,1
992,1,1,0,1,0,3,0,1,1,1,1,3,0,0,1,3,3,2,3,3,2
992,1,1,0,1,1,3,0,1,1,1,1,3,0,0,0,3,3,2,3,3,2
990,1,0,1,1,1,3,1,0,0,1,1,1,1,1,0,0,1,2,1,1,1
989,1,0,1,1,1,3,0,0,1,1,1,1,0,1,1,1,1,1,2,2,2
987,1,0,1,1,1,3,1,1,1,1,1,3,3,1,0,2,3,3,1,3,1
985,1,1,1,1,0,4,0,0,1,1,1,2,0,0,1,2,2,0,3,2,0
985,1,1,1,1,0,4,0,0,1,1,1,2,0,0,1,2,2,0,3,2,0
984,1,0,1,1,0,1,0,1,0,1,1,2,3,0,1,2,2,1,2,2,1
984,1,0,1,1,1,1,0,1,0,1,1,2,3,0,0,2,2,1,2,2,1
983,1,0,1,1,0,2,0,1,0,1,1,2,1,1,1,1,2,0,3,0,1
983,1,0,1,1,1,2,0,1,0,1,1,2,1,1,1,1,2,0,3,0,1
981,1,1,1,1,1,4,1,1,1,1,1,2,3,1,0,2,2,2,1,2,1
977,1,1,1,1,1,2,0,1,0,1,1,2,1,1,1,3,2,1,3,0,2
976,1,0,0,1,1,3,0,1,0,1,1,2,0,0,0,2,2,0,2,3,2
975,1,1,1,1,0,4,1,1,1,1,1,3,3,1,1,2,3,1,2,3,1
975,1,1,1,1,0,4,1,1,1,1,1,3,3,1,0,2,3,1,2,3,1
972,1,0,1,1,1,1,1,1,0,1,1,2,3,1,1,2,2,2,3,2,2
970,1,0,1,1,1,5,1,0,0,1,1,1,0,1,1,2,1,1,2,1,1
969,1,0,1,1,0,2,1,0,0,1,1,2,3,1,1,3,2,2,2,2,1
969,1,0,1,1,1,2,1,0,0,1,1,2,3,1,1,3,2,2,2,2,1
968,1,0,1,1,1,1,1,0,1,1,1,3,0,0,0,2,3,0,2,3,2
963,1,0,0,1,1,3,0,0,1,1,1,3,1,1,1,3,3,0,2,3,2
962,1,1,1,1,1,1,0,1,0,1,1,2,0,1,1,1,2,2,2,1,2
959,1,1,1,1,0,1,1,0,0,1,1,1,1,1,1,0,1,1,2,1,2
959,1,1,1,1,1,1,1,0,0,1,1,1,1,1,1,0,1,1,2,1,2
958,1,0,1,1,0,3,0,1,0,0,0,3,0,0,0,3,3,0,3,3,1
956,1,1,1,1,0,5,1,0,0,0,0,3,1,0,1,0,3,0,3,1,2
955,1,1,1,1,1,4,1,0,1,1,1,1,0,1,1,2,1,1,1,0,0
953,1,0,1,1,0,3,1,1,0,0,0,3,3,0,1,3,3,1,3,3,1
953,1,0,1,1,1,3,1,1,0,0,0,3,3,0,1,3,3,1,3,3,1
952,1,1,1,1,0,4,1,1,1,1,1,2,1,0,1,1,2,0,3,1,1
950,1,0,1,1,1,4,1,1,0,1,1,3,3,1,0,2,3,1,2,3,1
949,1,0,1,1,1,5,0,0,1,1,1,3,1,0,1,3,3,2,3,3,2
948,1,1,1,0,0,3,0,1,1,1,1,1,1,1,1,1,1,0,2,1,1
948,1,1,1,0,0,3,0,1,1,1,1,1,1,1,0,1,1,0,2,1,1
947,1,0,1,1,1,3,0,1,0,1,1,1,0,1,0,1,1,0,2,2,1
946,1,1,1,0,0,2,1,0,0,1,1,3,3,1,1,3,3,2,3,3,1
946,1,1,1,0,0,2,1,0,0,1,1,3,3,1,1,3,3,2,3,3,1
945,1,0,1,1,1,5,1,0,0,1,1,2,1,1,1,2,2,3,2,3,2
943,1,0,1,1,1,4,1,1,1,1,1,2,3,1,0,2,2,2,3,0,1
942,1,1,1,1,0,3,1,0,0,1,1,3,3,1,1,0,3,2,3,1,1
942,1,1,1,1,0,3,1,0,0,1,1,3,3,1,1,0,3,2,3,1,1
940,1,0,1,0,1,5,0,0,0,1,1,2,0,0,1,1,2,0,3,2,2
937,1,1,1,1,0,4,1,0,0,1,1,1,0,0,0,0,1,3,1,1,1
936,1,0,1,1,0,2,0,1,0,1,1,3,3,1,1,2,3,2,3,0,1
936,1,0,1,1,1,2,0,1,0,1,1,3,3,1,1,2,3,2,3,0,1
935,1,0,1,1,1,3,0,1,0,1,1,2,3,1,1,3,2,2,2,1,2
932,1,0,1,1,0,1,0,0,1,0,0,3,3,0,1,3,3,2,3,3,2
928,1,0,1,1,1,4,1,0,0,0,0,3,3,0,0,1,3,2,3,1,1
927,1,0,1,1,0,1,0,0,1,1,1,2,1,1,1,2,2,0,3,3,1
927,1,0,1,1,1,1,0,0,1,1,1,2,1,1,1,2,2,0,3,3,1
926,1,0,1,1,1,4,0,1,0,1,1,2,0,1,1,0,2,0,3,0,2
924,1,0,1,1,0,2,0,1,0,0,0,3,1,0,1,3,3,1,3,3,1
924,1,0,1,1,0,2,0,1,0,0,0,3,1,0,0,3,3,1,3,3,1
923,1,0,1,1,0,5,0,1,0,1,1,3,0,1,1,2,3,3,1,3,1
923,1,0,1,1,1,5,0,1,0,1,1,3,0,1,1,2,3,3,1,3,1
920,1,0,1,1,1,2,1,0,1,1,1,1,1,1,1,3,1,0,2,1,1
918,1,0,0,1,1,2,0,1,0,1,1,3,3,1,0,2,3,0,3,3,0
916,1,0,1,0,0,5,1,1,1,1,1,3,0,0,1,2,3,0,3,2,2
915,1,1,1,1,0,1,1,0,1,0,1,3,3,0,0,2,3,3,3,3,1
913,1,1,0,1,1,1,1,0,0,1,1,2,1,1,0,2,2,2,1,2,0
910,1,0,1,1,1,5,0,0,0,1,1,3,1,0,1,3,3,2,3,3,1
909,1,0,0,1,1,3,0,0,1,1,1,3,0,1,1,2,3,2,3,3,1
908,1,1,1,1,1,3,0,1,1,1,1,0,3,1,1,0,0,3,1,0,2
906,1,0,1,1,1,2,1,0,0,1,1,3,1,1,0,1,3,1,3,2,0
905,1,1,1,1,1,1,1,0,1,1,1,0,0,1,0,2,0,3,1,1,1
904,1,0,1,1,1,4,1,1,0,1,1,1,3,1,0,0,1,1,1,1,2
902,1,1,1,1,0,1,1,1,1,1,1,3,0,1,0,3,3,0,2,3,2
901,1,0,1,1,1,2,0,1,0,1,1,2,3,1,1,2,2,2,2,3,1
897,1,0,1,1,1,2,0,0,0,1,1,1,3,0,0,2,1,3,2,0,2
896,1,0,1,1,1,4,1,0,0,1,1,2,1,1,1,3,2,3,1,2,0
895,1,1,1,1,0,3,1,1,1,1,1,3,0,1,1,2,3,3,1,3,1
895,1,1,1,1,1,3,1,1,1,1,1,3,0,1,1,2,3,3,1,3,1
894,1,1,1,1,1,2,1,1,0,1,1,1,3,1,0,1,1,3,1,1,1
893,1,0,1,1,1,2,1,1,0,1,1,1,3,1,0,1,1,0,2,0,1
891,1,0,1,1,0,3,0,0,0,0,0,3,0,0,1,3,3,1,3,3,2
890,1,0,1,1,0,5,0,1,1,0,0,3,3,0,1,3,3,0,3,3,1
890,1,0,1,1,1,5,0,1,1,0,0,3,3,0,0,3,3,0,3,3,1
888,1,1,1,0,0,3,1,1,1,1,1,3,0,0,1,3,3,0,3,3,2
888,1,1,1,0,0,3,1,1,1,1,1,3,0,0,1,3,3,0,3,3,2
887,1,0,1,1,1,2,1,1,0,1,1,2,3,1,1,2,2,2,2,3,2
885,1,0,0,1,1,2,0,0,1,1,1,2,1,1,0,1,2,0,2,2,2
881,1,0,0,1,1,5,0,1,0,1,1,2,0,0,1,0,2,0,2,1,1
879,1,0,1,1,0,1,1,1,0,1,1,3,3,1,1,3,3,2,3,3,2
879,1,0,1,1,1,1,1,1,0,1,1,3,3,1,0,3,3,2,3,3,2
877,1,0,1,1,1,1,0,0,1,1,1,2,0,1,0,3,2,0,2,2,1
874,1,0,1,1,1,2,1,0,1,0,0,3,0,0,1,1,3,2,3,1,1
871,1,0,1,1,0,3,1,0,0,1,1,1,1,1,1,0,1,3,2,1,2
871,1,0,1,1,1,3,1,0,0,1,1,1,1,1,0,0,1,3,2,1,2
870,1,0,0,1,1,3,1,0,0,1,1,2,0,1,1,2,2,0,2,2,1
868,1,0,1,1,0,1,1,1,0,1,1,1,1,1,1,0,1,3,2,0,1
867,1,0,1,1,1,2,0,1,1,1,1,2,0,1,0,2,2,1,2,2,1
866,1,1,1,1,0,2,1,0,1,1,1,1,3,1,1,1,1,2,2,1,1
864,1,0,1,1,0,3,0,1,0,1,1,1,1,1,1,0,1,0,1,0,2
864,1,0,1,1,1,3,0,1,0,1,1,1,1,1,1,0,1,0,1,0,2
863,1,0,1,1,0,5,0,0,0,1,1,2,0,1,1,1,2,0,2,2,1
863,1,0,1,1,1,5,0,0,0,1,1,2,0,1,0,1,2,0,2,2,1
859,1,0,1,0,1,2,1,1,0,1,1,3,3,0,0,3,3,0,2,3,1
858,1,0,1,0,0,4,1,0,1,1,1,1,3,1,1,1,1,2,2,2,1
858,1,0,1,0,0,4,1,0,1,1,1,1,3,1,1,1,1,2,2,2,1
856,1,1,1,0,1,3,1,0,0,1,1,1,0,0,0,0,1,3,1,0,1
855,1,0,1,1,1,4,0,1,0,1,1,3,3,1,1,3,3,2,2,3,1
854,1,1,1,1,0,2,1,0,0,0,0,3,1,0,1,3,3,3,3,2,2
852,1,0,0,1,1,3,1,0,0,1,1,2,3,0,0,2,2,2,3,2,1
850,1,0,1,1,0,4,1,0,0,1,1,3,0,0,1,2,3,1,3,3,1
850,1,0,1,1,1,4,1,0,0,1,1,3,0,0,0,2,3,1,3,3,1
849,1,0,1,1,1,5,0,0,1,0,0,3,3,0,1,3,3,0,3,3,2
847,1,0,1,1,0,1,0,1,1,0,0,3,0,0,1,3,3,1,3,3,1
846,1,0,1,1,1,3,0,1,0,1,1,3,0,1,0,3,3,1,3,3,2
842,1,0,1,1,0,2,1,0,0,1,1,2,3,1,1,2,2,1,1,3,2
842,1,0,1,1,1,2,1,0,0,1,1,2,3,1,0,2,2,1,1,3,2
841,1,0,1,1,1,3,1,1,1,1,1,1,1,1,1,1,1,1,2,2,1
840,1,1,1,1,0,5,0,0,0,1,1,2,1,0,1,2,2,2,2,2,1
840,1,1,1,1,1,5,0,0,0,1,1,2,1,0,1,2,2,2,2,2,1
838,1,0,0,1,0,2,1,1,0,1,1,3,0,1,1,2,3,2,2,3,2
838,1,0,0,1,0,2,1,1,0,1,1,3,0,1,0,2,3,2,2,3,2
836,1,1,1,0,0,2,0,0,0,1,1,1,2,0,1,0,1,0,2,0,1
836,1,1,1,0,0,2,0,0,0,1,1,1,2,0,1,0,1,0,2,0,1
835,1,1,1,1,0,4,0,1,1,0,1,3,1,0,1,3,3,3,3,3,1
835,1,1,1,1,0,4,0,1,1,0,1,3,1,0,0,3,3,3,3,3,1
832,1,1,1,1,0,4,0,0,0,1,1,2,0,1,1,2,2,3,1,3,1
832,1,1,1,1,1,4,0,0,0,1,1,2,0,1,0,2,2,3,1,3,1
831,1,1,0,1,1,1,0,1,0,1,1,3,2,1,0,2,3,1,3,3,1
830,1,0,0,1,1,5,0,0,1,1,1,1,2,1,1,1,1,1,2,2,2
828,1,0,1,0,0,4,0,1,0,1,1,3,1,0,1,2,3,0,2,3,1
827,1,0,1,1,1,5,1,1,1,1,1,2,3,1,1,1,2,1,3,1,2
825,1,0,1,1,0,4,0,1,0,1,1,2,2,1,1,2,2,1,3,1,1
825,1,0,1,1,1,4,0,1,0,1,1,2,2,1,1,2,2,1,3,1,1
823,1,0,0,1,0,4,0,1,0,1,1,1,1,0,0,1,1,0,1,0,1
821,1,0,1,1,1,3,0,1,0,1,1,1,3,1,1,1,1,0,1,1,1
820,1,0,1,1,1,1,1,0,0,1,1,2,0,1,0,0,2,0,3,0,1
817,1,1,1,0,0,3,0,1,0,0,0,3,1,0,0,1,3,0,3,2,0
814,1,0,1,1,1,4,1,0,1,0,0,3,0,0,0,3,3,1,3,3,0
812,1,0,1,0,0,4,1,1,0,1,1,2,2,1,1,2,2,2,2,2,2
812,1,0,1,0,0,4,1,1,0,1,1,2,2,1,0,2,2,2,2,2,2
809,1,0,1,0,1,2,0,0,0,1,1,2,3,0,0,1,2,3,1,2,0
808,1,1,1,1,1,3,0,0,0,1,1,1,0,1,0,3,1,2,1,2,1
807,1,1,1,1,0,5,1,0,0,0,0,3,2,0,1,3,3,1,3,3,2
806,1,0,1,1,1,1,0,1,0,1,1,3,2,1,1,3,3,1,2,3,1
805,1,0,0,1,0,4,0,0,1,1,1,1,1,0,0,1,1,0,2,1,1
804,1,1,1,1,0,3,0,1,0,1,1,3,1,1,1,1,3,2,3,1,1
803,1,1,1,1,1,1,1,0,0,0,0,3,3,0,0,2,3,0,3,3,1
800,1,0,1,1,1,3,0,0,0,1,1,2,2,1,0,2,2,1,2,3,1
798,1,0,1,1,0,1,1,1,0,1,1,1,1,1,1,1,1,1,2,1,2
798,1,0,1,1,1,1,1,1,0,1,1,1,1,1,0,1,1,1,2,1,2
797,1,0,1,1,1,3,1,1,0,1,1,0,3,1,1,0,0,3,1,1,0
795,1,1,1,1,0,2,1,1,0,1,1,2,2,1,0,1,2,2,2,2,1
794,1,1,1,1,1,2,1,0,0,1,1,3,2,1,1,2,3,3,1,3,1
792,1,0,1,1,0,5,1,0,0,0,0,3,1,0,1,2,3,0,3,2,1
792,1,0,1,1,1,5,1,0,0,0,0,3,1,0,1,2,3,0,3,2,1
790,1,1,1,1,0,5,1,0,0,1,1,2,0,1,0,1,2,0,2,2,1
789,1,1,1,1,0,4,0,0,0,1,1,2,2,0,1,0,2,0,2,0,1
788,1,0,1,1,1,2,1,1,0,1,1,2,2,1,1,0,2,3,2,1,1
787,1,0,1,1,0,3,1,1,0,0,0,3,1,0,1,1,3,3,3,2,1
787,1,0,1,1,1,3,1,1,0,0,0,3,1,0,1,1,3,3,3,2,1
785,1,0,1,1,0,2,0,0,0,1,1,1,3,1,1,3,1,2,2,0,1
785,1,0,1,1,1,2,0,0,0,1,1,1,3,1,1,3,1,2,2,0,1
783,1,0,1,1,1,1,0,1,0,1,1,2,2,1,0,2,2,2,1,3,1
781,1,0,1,0,1,3,1,1,1,1,1,3,1,1,0,3,3,0,2,3,1
780,1,0,1,0,0,4,1,0,0,0,0,3,1,0,1,1,3,2,3,2,1
779,1,1,1,1,1,4,1,1,1,1,1,1,3,0,0,1,1,3,1,1,2
778,1,0,1,1,0,3,0,1,1,1,1,2,0,1,1,3,2,1,3,0,1
778,1,0,1,1,1,3,0,1,1,1,1,2,0,1,0,3,2,1,3,0,1
776,1,0,1,1,1,3,1,0,0,1,1,1,2,1,1,3,1,3,2,1,1
775,1,0,1,1,0,3,1,0,0,1,1,3,1,1,1,3,3,1,2,3,1
774,1,0,1,1,1,3,1,0,0,1,1,3,1,1,0,2,3,0,2,3,1
773,1,0,1,1,0,1,1,0,0,1,1,2,3,1,1,2,2,2,3,2,1
773,1,0,1,1,1,1,1,0,0,1,1,2,3,1,0,2,2,2,3,2,1
770,1,1,0,1,0,4,1,1,0,1,1,3,2,1,1,3,3,1,3,2,2
769,1,0,1,0,0,2,0,0,0,1,1,2,1,0,1,3,2,1,2,2,2
769,1,0,1,0,1,2,0,0,0,1,1,2,1,0,1,3,2,1,2,2,2
768,1,1,1,1,1,1,1,1,1,1,1,3,1,1,1,0,3,2,3,1,1
765,1,1,1,1,1,1,0,1,1,1,1,2,2,0,0,0,2,0,3,1,1
764,1,1,1,1,1,3,0,0,0,0,0,3,2,0,1,2,3,2,3,3,1
762,1,0,0,1,1,4,0,1,1,1,1,2,1,1,1,2,2,1,2,2,1
761,1,0,1,1,1,4,1,1,1,1,1,2,3,1,1,2,2,1,3,2,2
760,1,0,1,1,0,4,1,1,1,0,0,3,0,0,0,3,3,0,3,3,1
758,1,1,1,0,0,3,1,0,0,1,1,2,2,0,0,2,2,1,2,2,2
757,1,0,1,1,1,5,1,0,1,1,1,3,1,1,1,3,3,1,2,3,1
754,1,0,1,0,0,4,0,1,0,1,1,2,0,0,1,1,2,0,3,2,1
753,1,0,1,1,0,2,0,1,0,1,1,1,2,1,1,1,1,3,1,2,1
753,1,0,1,1,1,2,0,1,0,1,1,1,2,1,0,1,1,3,1,2,1
751,1,1,1,0,1,5,0,1,0,1,1,2,1,0,0,2,2,1,2,3,1
750,1,1,1,1,1,4,0,0,0,1,1,3,1,1,0,3,3,1,3,3,1
749,1,0,1,1,0,5,1,1,0,0,0,3,3,0,1,2,3,1,3,2,2
748,1,1,0,1,0,1,1,0,1,1,1,3,0,1,1,3,3,1,3,3,2
747,1,0,1,1,0,5,1,0,1,0,0,3,2,0,1,3,3,1,3,3,2
746,1,0,1,1,0,3,1,0,1,1,1,0,2,0,1,2,0,3,1,1,1
745,1,0,1,1,1,2,1,1,0,1,1,1,1,0,1,0,1,3,2,0,1
744,1,0,1,1,0,3,1,0,1,1,1,3,1,1,1,2,3,1,2,3,1
744,1,0,1,1,1,3,1,0,1,1,1,3,1,1,1,2,3,1,2,3,1
743,1,0,1,1,1,1,1,0,0,1,1,1,3,1,0,1,1,2,2,0,1
742,1,0,1,1,1,5,1,1,0,0,0,3,0,0,1,2,3,1,3,1,1
741,1,0,1,1,0,3,0,0,0,1,1,3,2,1,0,3,3,1,3,2,1
740,1,0,1,1,0,3,0,0,0,1,1,1,2,1,1,1,1,3,1,1,1
740,1,0,1,1,1,3,0,0,0,1,1,1,2,1,1,1,1,3,1,1,1
739,1,0,1,1,1,2,0,0,0,1,1,3,1,1,1,2,3,1,2,3,2
738,1,1,0,1,0,4,1,1,1,1,1,3,1,0,1,2,3,2,2,3,1
738,1,1,0,1,1,4,1,1,1,1,1,3,1,0,0,2,3,2,2,3,1
735,1,1,1,1,0,2,1,0,0,1,1,3,2,1,1,3,3,1,3,3,1
735,1,1,1,1,1,2,1,0,0,1,1,3,2,1,1,3,3,1,3,3,1
734,1,0,0,1,0,5,0,0,0,1,1,2,2,1,0,2,2,1,1,3,1
733,1,1,0,1,0,4,1,1,0,1,1,2,1,1,1,2,2,0,2,2,2
732,1,0,0,1,1,1,0,0,0,1,1,1,1,0,0,1,1,0,2,2,1
729,1,1,1,1,1,3,0,1,0,1,1,3,2,0,0,2,3,1,2,3,1
727,1,0,1,1,1,4,0,1,0,1,1,2,1,1,0,3,2,0,2,3,1
724,1,1,1,1,1,5,0,1,0,1,1,1,0,1,0,1,1,3,1,2,1
723,1,0,1,1,0,5,1,1,1,1,1,2,2,1,1,2,2,0,2,3,2
723,1,0,1,1,1,5,1,1,1,1,1,2,2,1,0,2,2,0,2,3,2
721,1,1,1,1,1,2,1,1,0,1,1,2,1,1,0,2,2,0,3,2,1
719,1,0,1,1,1,5,1,0,1,1,1,2,3,1,1,2,2,0,3,2,2
717,1,0,1,1,1,3,0,1,1,1,1,0,2,1,1,1,0,3,1,0,2
714,1,1,1,1,0,4,1,1,0,1,1,1,1,0,0,1,1,3,1,2,2
714,1,1,1,1,0,4,1,1,0,1,1,1,1,0,0,1,1,3,1,2,2
712,1,1,1,0,0,2,0,0,0,1,1,1,0,1,0,0,1,3,2,1,2
710,1,0,1,1,0,3,1,1,0,1,1,1,2,1,1,0,1,3,1,0,2
710,1,0,1,1,1,3,1,1,0,1,1,1,2,1,0,0,1,3,1,0,2
709,1,0,1,1,1,1,0,0,1,1,1,1,3,1,1,1,1,3,2,2,2
705,1,1,1,0,1,5,1,1,0,1,1,3,1,0,1,3,3,1,2,3,2
702,1,1,1,0,0,2,1,0,1,1,1,2,0,0,1,3,2,3,1,2,1
702,1,1,1,0,1,2,1,0,1,1,1,2,0,0,0,3,2,3,1,2,1
701,1,1,1,1,1,4,0,0,1,1,1,3,2,1,1,3,3,2,3,3,1
700,1,0,0,1,1,3,1,0,0,1,1,1,2,1,1,1,1,2,2,2,2
699,1,1,1,1,0,2,0,1,1,1,1,1,1,0,1,0,1,1,1,0,1
698,1,0,0,1,0,3,0,0,1,1,1,1,1,1,1,1,1,3,1,1,2
698,1,0,0,1,1,3,0,0,1,1,1,1,1,1,1,1,1,3,1,1,2
697,1,1,1,1,0,4,0,1,0,1,1,1,3,0,1,1,1,3,2,2,1
696,1,1,1,1,1,4,0,0,0,1,1,2,0,1,0,2,2,1,2,2,1
690,1,0,1,0,0,5,0,0,1,1,1,2,1,0,1,1,2,2,2,2,2
690,1,0,1,0,1,5,0,0,1,1,1,2,1,0,1,1,2,2,2,2,2
689,1,0,1,1,1,2,0,0,0,1,1,2,3,1,1,2,2,2,2,2,1
688,1,0,1,0,1,4,0,0,0,1,1,2,0,0,1,3,2,2,3,1,2
686,1,0,1,1,1,2,0,1,0,0,0,3,2,0,1,1,3,2,3,2,2
684,1,1,1,1,1,4,1,1,0,1,1,3,1,1,0,3,3,3,2,3,2
682,1,0,1,1,0,1,0,1,0,1,1,2,3,1,1,2,2,2,2,3,1
682,1,0,1,1,1,1,0,1,0,1,1,2,3,1,0,2,2,2,2,3,1
680,1,1,0,1,0,1,1,1,1,1,1,3,0,0,1,2,3,1,3,3,2
680,1,1,0,1,0,1,1,1,1,1,1,3,0,0,0,2,3,1,3,3,2
679,1,0,1,0,1,4,0,1,1,1,1,1,3,0,0,1,1,3,2,0,2
678,1,1,1,1,0,3,0,1,0,1,1,1,3,1,1,3,1,3,1,2,2
678,1,1,1,1,0,3,0,1,0,1,1,1,3,1,1,3,1,3,1,2,2
677,1,0,1,1,1,3,0,0,0,1,1,1,1,1,0,0,1,1,2,1,1
676,1,1,1,0,0,3,1,1,1,1,1,3,0,1,1,2,3,2,3,3,1
674,1,1,1,1,1,3,1,0,1,1,1,3,1,1,0,3,3,1,2,3,1
673,1,0,0,1,1,5,0,1,0,1,1,2,0,1,0,1,2,0,3,2,1
672,1,0,1,1,1,1,1,0,1,1,1,3,3,1,0,2,3,3,2,3,1
670,1,1,1,0,0,3,0,0,0,1,1,2,1,1,1,0,2,1,3,0,2
670,1,1,1,0,1,3,0,0,0,1,1,2,1,1,1,0,2,1,3,0,2
668,1,1,1,1,1,3,0,0,1,1,1,2,3,1,0,2,2,1,2,2,1
667,1,0,1,1,1,4,1,1,0,1,1,1,1,1,0,3,1,3,1,2,1
666,1,0,1,1,1,1,0,1,0,1,1,3,0,1,0,3,3,2,3,3,0
665,1,0,1,1,1,3,0,1,0,1,1,3,3,1,0,3,3,1,3,3,1
664,1,1,1,0,0,5,0,0,1,1,1,2,3,0,1,2,2,2,1,3,1
663,1,1,0,1,0,4,0,1,0,0,0,3,1,0,0,3,3,1,3,3,1
662,1,1,1,1,0,3,0,1,0,1,1,1,0,1,0,0,1,3,2,1,2
661,1,0,1,1,0,3,1,0,0,0,0,3,3,0,0,2,3,1,3,0,1
660,1,1,1,1,0,4,0,1,1,1,1,2,1,0,1,2,2,1,2,3,1
659,1,0,0,1,0,4,1,0,1,1,1,1,0,0,0,3,1,1,2,1,1
658,1,0,1,1,0,2,1,1,0,1,1,1,3,1,1,1,1,0,2,2,2
658,1,0,1,1,0,2,1,1,0,1,1,1,3,1,1,1,1,0,2,2,2
656,1,0,1,1,1,4,0,1,1,1,1,2,1,1,1,3,2,3,2,2,1
655,1,0,1,1,1,3,0,0,0,1,1,2,0,1,0,2,2,2,2,3,1
652,1,1,1,1,0,1,0,0,0,1,1,2,0,1,1,1,2,1,3,2,2
651,1,0,1,1,1,2,1,0,1,0,0,3,3,0,1,2,3,0,3,0,1
650,1,0,0,1,0,2,1,1,1,1,1,2,3,1,1,2,2,0,2,3,2
650,1,0,0,1,0,2,1,1,1,1,1,2,3,1,0,2,2,0,2,3,2
649,1,0,1,1,0,2,1,0,1,1,1,3,1,1,1,3,3,2,2,3,2
647,1,1,1,1,1,3,1,0,1,1,1,1,3,0,1,2,1,3,2,0,2
646,1,1,1,1,1,2,1,1,1,1,1,2,1,0,1,2,2,2,2,3,2
645,1,0,1,0,0,2,1,1,1,1,1,1,0,0,0,1,1,3,1,2,2
642,1,0,1,0,1,2,0,1,0,1,1,3,1,0,1,3,3,2,2,3,1
641,1,0,1,1,1,2,0,0,0,0,1,2,0,0,1,2,2,3,2,2,1
638,1,0,1,1,1,2,1,1,1,1,1,2,0,1,0,1,2,0,3,2,2
635,1,0,1,1,1,1,0,1,0,1,1,2,1,1,0,2,2,1,3,3,1
634,1,1,0,1,1,3,1,1,1,1,1,3,0,1,1,2,3,0,3,3,2
634,1,1,0,1,1,3,1,1,1,1,1,3,0,1,1,2,3,0,3,3,2
632,1,0,1,1,1,4,0,1,0,1,1,2,1,1,0,0,2,2,2,1,2
631,1,0,1,1,1,4,0,1,0,1,1,1,0,1,1,1,1,1,2,2,2
629,1,0,1,1,0,4,1,0,1,1,1,1,3,1,1,2,1,0,2,2,2
629,1,0,1,1,1,4,1,0,1,1,1,1,3,1,1,2,1,0,2,2,2
628,1,1,0,1,0,2,0,1,1,1,1,3,1,0,1,3,3,2,2,3,1
627,1,0,1,1,1,3,1,1,0,1,1,2,0,1,0,1,2,0,3,2,2
626,1,0,1,1,1,1,0,0,0,1,1,2,3,1,0,0,2,2,2,0,0
625,1,0,1,1,1,3,0,0,0,1,1,3,1,1,0,3,3,0,3,1,2
624,1,0,1,1,0,1,0,1,0,1,1,1,0,1,1,1,1,3,1,2,1
624,1,0,1,1,0,1,0,1,0,1,1,1,0,1,1,1,1,3,1,2,1
621,1,1,1,0,1,3,0,1,0,1,1,1,1,1,0,1,1,2,2,1,2
620,1,0,1,1,1,4,1,1,0,1,1,2,0,0,0,1,2,0,2,2,1
619,1,0,1,1,0,1,1,1,0,1,1,0,3,1,1,3,0,2,1,1,1
619,1,0,1,1,1,1,1,1,0,1,1,0,3,1,0,3,0,2,1,1,1
617,1,1,1,1,1,4,1,0,0,1,1,3,0,1,1,3,3,0,2,3,1
616,1,1,1,1,1,1,1,0,1,1,1,3,3,1,0,3,3,0,3,2,1
615,1,0,1,0,0,3,0,1,1,1,1,1,3,0,1,1,1,1,2,2,2
615,1,0,1,0,0,3,0,1,1,1,1,1,3,0,0,1,1,1,2,2,2
614,1,0,1,1,1,2,1,0,0,1,1,2,1,1,0,1,2,0,3,2,1
613,1,1,1,1,1,1,1,0,0,1,1,2,0,1,0,2,2,0,2,3,1
612,1,0,1,1,0,3,1,0,0,1,1,1,3,0,1,2,1,2,2,0,2
612,1,0,1,1,1,3,1,0,0,1,1,1,3,0,1,2,1,2,2,0,2
611,1,1,1,1,0,3,0,1,0,1,1,1,1,0,1,0,1,1,2,1,1
610,1,0,1,1,1,2,0,0,0,1,1,3,0,1,0,3,3,1,3,3,0
609,1,1,1,0,0,1,0,0,0,1,1,2,3,0,1,2,2,2,1,2,2
609,1,1,1,0,0,1,0,0,0,1,1,2,3,0,0,2,2,2,1,2,2
608,1,0,1,1,1,3,0,0,0,1,1,2,3,1,1,1,2,1,3,2,2
607,1,0,1,1,1,5,0,1,0,1,1,2,1,0,1,2,2,3,1,2,1
606,1,0,1,1,0,4,1,0,0,0,0,3,0,0,1,2,3,0,3,3,1
606,1,0,1,1,0,4,1,0,0,0,0,3,0,0,0,2,3,0,3,3,1
605,1,1,1,1,0,5,0,1,1,1,1,3,3,1,1,3,3,2,2,3,1
605,1,1,1,1,0,5,0,1,1,1,1,3,3,1,0,3,3,2,2,3,1
603,1,0,1,0,0,2,1,1,1,1,1,3,0,0,1,3,3,0,3,3,2
602,1,0,0,1,0,1,1,1,0,1,1,1,3,1,1,3,1,3,1,2,0
602,1,0,0,1,0,1,1,1,0,1,1,1,3,1,1,3,1,3,1,2,0
601,1,0,1,0,0,2,1,1,0,1,1,2,3,0,1,1,2,1,2,1,1
600,1,0,0,1,1,3,1,0,0,1,1,3,1,1,1,3,3,3,2,3,1
599,1,0,1,1,1,2,1,0,0,1,1,2,0,1,0,1,2,0,3,2,1
598,1,0,0,1,0,2,1,0,0,1,1,2,3,0,1,3,2,3,1,2,0
598,1,0,0,1,1,2,1,0,0,1,1,2,3,0,1,3,2,3,1,2,0
596,1,1,1,1,1,2,0,1,1,1,1,3,0,1,1,3,3,2,3,3,2
595,1,1,1,1,0,5,0,1,1,1,1,2,3,1,1,1,2,1,3,1,1
595,1,1,1,1,1,5,0,1,1,1,1,2,3,1,0,1,2,1,3,1,1
594,1,0,0,1,1,2,0,0,0,1,1,1,3,1,1,1,1,0,1,1,1
593,1,1,1,1,0,3,0,0,1,1,1,3,1,0,1,2,3,2,3,3,2
592,1,0,1,1,1,2,1,1,0,0,0,3,0,0,0,2,3,2,3,2,2
591,1,0,1,1,1,2,1,0,1,0,0,3,3,0,1,0,3,2,3,1,2
590,1,0,1,1,0,3,0,1,0,1,1,3,1,1,1,3,3,2,3,3,1
590,1,0,1,1,1,3,0,1,0,1,1,3,1,1,0,3,3,2,3,3,1
589,1,1,1,0,0,2,1,1,0,1,1,1,0,1,0,0,1,1,2,0,2
588,1,0,1,1,1,2,1,1,0,0,0,3,3,0,1,3,3,1,3,3,2
587,1,1,1,1,1,4,1,1,1,1,1,2,3,1,0,2,2,0,3,3,1
585,1,1,1,1,1,5,0,0,1,0,0,3,0,0,0,3,3,3,3,3,1
584,1,0,1,0,0,4,0,0,0,1,1,1,3,0,1,2,1,2,2,1,2
584,1,0,1,0,0,4,0,0,0,1,1,1,3,0,1,2,1,2,2,1,2
583,1,0,1,1,0,1,0,0,0,1,1,2,1,1,1,2,2,0,1,3,2
583,1,0,1,1,1,1,0,0,0,1,1,2,1,1,1,2,2,0,1,3,2
581,1,0,1,1,1,3,1,0,0,1,1,3,3,1,0,3,3,0,3,3,2
580,1,0,0,1,1,5,1,0,1,1,1,1,3,0,1,1,1,1,1,1,2
579,1,0,1,0,1,2,1,0,1,1,1,1,1,1,0,1,1,2,2,1,1
578,1,0,1,1,0,1,1,1,0,1,1,0,0,1,1,2,0,3,1,1,1
578,1,0,1,1,1,1,1,1,0,1,1,0,0,1,0,2,0,3,1,1,1
576,1,0,1,1,0,4,0,0,1,1,1,2,1,1,1,2,2,1,3,3,1
576,1,0,1,1,1,4,0,0,1,1,1,2,1,1,1,2,2,1,3,3,1
575,1,0,1,1,1,2,0,0,1,1,1,2,0,1,0,0,2,1,3,1,1
573,1,0,1,1,1,5,1,0,0,1,1,2,3,1,0,2,2,1,2,3,1
572,1,0,1,1,1,4,0,0,0,1,1,2,1,0,0,3,2,0,1,2,2
570,1,0,1,1,1,1,0,0,1,0,0,3,3,0,0,1,3,3,3,1,1
569,1,1,1,1,0,1,0,0,1,1,1,1,1,1,0,1,1,3,1,2,2
568,1,1,1,1,0,1,0,0,0,1,1,1,0,1,1,0,1,2,1,0,2
568,1,1,1,1,0,1,0,0,0,1,1,1,0,1,1,0,1,2,1,0,2
567,1,0,1,1,1,5,0,0,0,1,1,2,3,1,0,2,2,0,3,3,1
565,1,0,0,1,0,2,1,0,1,1,1,1,1,0,0,1,1,1,2,1,2
562,1,1,1,1,0,1,1,0,1,1,1,2,1,0,1,3,2,1,2,2,1
562,1,1,1,1,0,1,1,0,1,1,1,2,1,0,1,3,2,1,2,2,1
560,1,1,0,1,1,5,1,1,0,1,1,2,3,1,0,1,2,1,1,2,2
559,1,0,0,1,0,1,0,1,1,1,1,3,3,1,0,2,3,0,3,2,0
556,1,0,1,1,1,2,0,0,0,1,1,1,3,0,1,2,1,3,1,2,2
555,1,0,1,1,0,5,0,0,1,1,1,2,1,1,1,2,2,3,2,3,2
555,1,0,1,1,1,5,0,0,1,1,1,2,1,1,1,2,2,3,2,3,2
554,1,0,1,1,1,3,1,1,0,1,1,3,0,1,0,2,3,0,3,3,2
553,1,0,1,1,1,1,0,1,0,0,0,3,3,0,1,0,3,3,3,1,1
550,1,1,1,1,1,5,0,1,0,1,1,2,3,1,0,2,2,3,1,2,1
547,1,0,1,1,0,4,1,0,1,1,1,1,0,1,0,0,1,2,2,1,0
546,1,1,1,1,0,3,0,1,1,1,1,2,3,0,1,1,2,3,2,2,2
544,1,1,1,1,0,2,0,0,1,1,1,3,0,1,0,3,3,2,3,3,1
541,1,0,1,1,1,4,1,0,0,1,1,1,0,1,0,0,1,2,2,0,2
539,1,1,1,1,1,1,1,1,1,1,1,2,3,1,0,2,2,0,2,2,1
539,1,1,1,1,1,1,1,1,1,1,1,2,3,1,0,2,2,0,2,2,1
538,1,0,1,0,0,5,0,1,0,1,1,0,1,0,1,3,0,2,1,1,1
538,1,0,1,0,0,5,0,1,0,1,1,0,1,0,1,3,0,2,1,1,1
536,1,1,1,1,1,1,1,1,1,1,1,1,3,1,0,3,1,3,2,0,1
534,1,0,1,1,1,2,1,1,0,1,1,2,0,1,1,1,2,2,3,2,1
533,1,0,1,1,0,2,0,0,0,1,1,0,0,1,1,0,0,3,1,0,1
533,1,0,1,1,0,2,0,0,0,1,1,0,0,1,0,0,0,3,1,0,1
531,1,1,1,1,1,4,1,1,0,1,1,2,1,1,1,1,2,0,3,2,1
530,1,0,1,0,0,4,0,1,1,1,1,1,0,0,1,1,1,2,2,1,1
530,1,0,1,0,1,4,0,1,1,1,1,1,0,0,0,1,1,2,2,1,1
529,1,0,1,1,1,2,1,0,0,1,1,1,3,1,1,1,1,1,2,1,1
527,1,1,1,1,0,4,1,0,0,1,1,1,0,0,0,3,1,3,1,1,2
526,1,0,1,1,0,5,1,1,0,0,0,3,0,0,0,2,3,3,3,2,1
523,1,0,1,0,0,5,1,1,1,1,1,1,0,1,1,0,1,3,1,1,2
523,1,0,1,0,0,5,1,1,1,1,1,1,0,1,1,0,1,3,1,1,2
522,1,0,1,1,0,4,0,1,1,0,0,3,3,0,1,2,3,0,3,3,2
519,1,0,1,1,1,3,1,0,1,1,1,3,0,1,1,3,3,1,2,3,1
517,1,0,1,1,1,4,0,1,1,1,1,2,1,1,0,2,2,3,1,2,1
515,1,0,1,1,1,3,1,1,0,1,1,3,3,1,0,1,3,0,3,2,1
512,1,0,0,0,0,4,0,0,1,0,0,3,0,0,1,3,3,3,3,3,1
511,1,1,1,1,1,3,0,1,0,0,0,3,3,0,0,2,3,2,3,2,1
508,1,0,1,1,1,2,1,0,0,1,1,1,3,1,1,0,1,3,1,0,2
505,1,0,0,0,0,5,1,1,1,0,1,2,0,0,1,2,2,3,2,1,0
505,1,0,0,0,0,5,1,1,1,0,1,2,0,0,1,2,2,3,2,1,0
504,1,1,1,1,0,2,0,1,1,1,1,3,3,0,0,3,3,1,2,3,2
503,1,0,1,1,1,5,1,1,0,1,1,2,1,0,0,2,2,3,1,3,1
502,1,0,0,1,0,2,1,1,0,0,0,3,0,0,1,0,3,2,3,0,1
502,1,0,0,1,0,2,1,1,0,0,0,3,0,0,1,0,3,2,3,0,1
500,1,1,1,1,0,3,0,0,0,1,1,1,1,1,1,1,1,1,2,2,2
500,1,1,1,1,1,3,0,0,0,1,1,1,1,1,0,1,1,1,2,2,2
498,1,0,1,1,0,1,0,1,0,1,1,1,0,1,1,0,1,0,2,0,0
498,1,0,1,1,1,1,0,1,0,1,1,1,0,1,1,0,1,0,2,0,0
497,1,0,1,1,0,5,0,1,1,1,1,3,3,1,1,0,3,1,3,1,1
497,1,0,1,1,1,5,0,1,1,1,1,3,3,1,1,0,3,1,3,1,1
496,1,1,1,1,0,3,1,0,0,1,1,2,1,0,1,1,2,0,1,2,2
495,1,0,1,1,0,3,1,0,0,0,0,3,0,0,1,3,3,0,3,3,2
494,1,1,1,1,0,2,1,1,1,1,1,3,3,1,1,3,3,0,3,3,2
493,1,1,1,1,0,5,1,1,1,1,1,2,1,1,0,3,2,0,3,3,1
492,1,0,1,0,1,4,1,0,0,1,1,2,0,0,0,2,2,0,2,2,2
491,1,0,1,1,1,1,0,1,1,1,1,2,0,1,1,2,2,0,1,3,2
490,1,0,1,1,1,5,1,1,0,0,0,3,3,0,1,2,3,2,3,3,1
488,1,0,1,1,1,2,0,0,1,1,1,3,0,0,0,3,3,0,3,3,0
486,1,0,1,1,0,4,0,1,0,1,1,1,1,1,1,1,1,2,2,2,1
486,1,0,1,1,1,4,0,1,0,1,1,1,1,1,0,1,1,2,2,2,1
485,1,0,0,0,0,2,1,0,0,1,1,3,0,0,0,3,3,2,2,3,1
481,1,0,1,0,0,4,1,0,1,1,1,3,0,1,1,2,3,0,3,3,1
481,1,0,1,0,0,4,1,0,1,1,1,3,0,1,1,2,3,0,3,3,1
480,1,1,1,1,0,4,1,1,0,1,1,2,3,1,1,1,2,0,2,2,2
479,1,0,0,1,1,3,1,1,0,1,1,3,1,1,1,3,3,0,2,3,2
477,1,0,1,0,0,1,1,1,0,0,0,3,0,0,1,2,3,1,3,3,2
476,1,0,0,1,1,1,1,0,0,1,1,1,3,1,1,1,1,0,1,1,1
475,1,0,1,1,1,3,0,1,0,1,1,1,1,1,1,2,1,1,2,0,2
474,1,1,0,1,0,5,0,1,0,1,1,3,0,1,1,3,3,2,3,3,1
473,1,0,1,1,1,1,0,1,1,1,1,1,3,1,1,1,1,2,1,1,1
472,1,0,0,1,0,3,1,1,0,1,1,2,1,0,1,2,2,3,1,2,0
472,1,0,0,1,0,3,1,1,0,1,1,2,1,0,0,2,2,3,1,2,0
470,1,0,0,1,0,5,0,1,0,1,1,2,0,1,1,3,2,2,2,0,1
470,1,0,0,1,0,5,0,1,0,1,1,2,0,1,1,3,2,2,2,0,1
468,1,0,1,1,1,3,0,1,1,1,1,1,1,1,0,1,1,0,2,2,2
467,1,1,1,0,0,4,1,1,0,0,1,2,0,0,0,2,2,3,2,2,1
465,1,0,0,1,1,5,0,1,0,1,1,3,1,1,0,2,3,2,2,3,1
459,1,0,1,1,1,5,1,0,0,1,1,3,3,1,0,3,3,2,2,3,1
458,1,1,0,0,0,4,1,0,1,1,1,1,1,0,0,3,1,1,2,1,1
458,1,1,0,0,0,4,1,0,1,1,1,1,1,0,0,3,1,1,2,1,1
452,1,0,1,0,0,3,1,0,1,1,1,1,3,0,0,0,1,0,2,0,2
450,1,1,1,1,0,5,1,0,0,1,1,1,0,0,1,1,1,0,2,2,2
450,1,1,1,1,0,5,1,0,0,1,1,1,0,0,0,1,1,0,2,2,2
448,1,1,1,1,1,1,0,0,1,0,0,3,3,0,1,1,3,1,3,2,1
447,1,0,1,1,1,2,0,1,0,1,1,2,1,0,1,2,2,2,3,0,1
446,1,0,1,1,1,3,1,1,0,1,1,3,0,1,0,3,3,1,2,3,2
444,1,0,1,1,1,1,1,1,0,1,1,1,1,1,0,1,1,3,2,2,1
443,1,1,1,0,0,5,1,0,1,1,1,1,0,0,1,0,1,1,2,0,1
442,1,1,1,0,1,3,1,1,1,1,1,1,2,0,1,0,1,3,1,1,0
441,1,1,1,1,0,2,1,0,1,1,1,2,3,1,1,1,2,0,3,2,1
441,1,1,1,1,1,2,1,0,1,1,1,2,3,1,0,1,2,0,3,2,1
440,1,0,0,1,0,2,0,1,0,1,1,2,1,1,1,2,2,0,2,3,1
440,1,0,0,1,1,2,0,1,0,1,1,2,1,1,1,2,2,0,2,3,1
439,1,0,1,1,1,3,0,1,0,1,1,1,0,1,1,1,1,2,1,2,1
438,1,0,1,1,1,4,1,0,1,0,0,3,3,0,0,3,3,3,3,3,2
436,1,0,0,1,1,1,1,1,0,0,0,3,0,0,0,1,3,1,3,0,1
433,1,0,1,1,0,3,0,1,1,0,1,2,1,0,0,2,2,3,2,3,2
432,1,0,1,1,1,2,1,0,0,1,1,1,0,1,1,1,1,2,2,2,1
431,1,0,1,0,0,3,1,0,0,1,1,2,3,0,1,2,2,1,3,2,1
430,1,0,1,1,1,5,0,1,0,1,1,3,1,1,1,2,3,1,3,3,1
429,1,0,1,1,1,4,1,1,0,1,1,2,0,1,1,0,2,2,3,0,2
428,1,1,1,0,0,1,0,1,0,1,1,2,0,0,1,1,2,3,2,1,2
425,1,0,1,1,1,1,1,0,0,1,1,2,0,1,0,1,2,1,3,1,2
423,1,1,1,1,1,3,0,1,0,1,1,3,1,1,1,3,3,0,3,3,2
422,1,0,1,1,1,5,0,0,1,1,1,3,0,1,0,3,3,0,3,3,2
421,1,0,1,1,0,3,0,1,1,1,1,3,0,0,1,3,3,1,1,3,2
421,1,0,1,1,0,3,0,1,1,1,1,3,0,0,0,3,3,1,1,3,2
420,1,1,1,0,0,4,1,1,1,1,1,3,0,1,0,2,3,3,2,3,1
417,1,0,1,1,1,4,1,1,0,1,1,2,3,1,0,2,2,3,1,2,1
416,1,0,1,1,1,1,1,0,1,0,0,3,0,0,1,3,3,1,3,3,1
415,1,1,1,0,0,4,0,0,1,1,1,1,1,0,1,1,1,3,1,2,2
415,1,1,1,0,0,4,0,0,1,1,1,1,1,0,0,1,1,3,1,2,2
414,1,0,1,1,1,4,0,0,0,1,1,2,3,1,1,1,2,0,2,1,2
412,1,0,1,0,0,4,0,1,0,1,1,1,0,0,1,1,1,3,1,2,1
411,1,0,1,1,0,1,0,0,1,1,1,2,1,0,1,2,2,0,1,2,1
411,1,0,1,1,1,1,0,0,1,1,1,2,1,0,0,2,2,0,1,2,1
410,1,0,0,1,1,2,0,0,0,1,1,1,3,1,0,1,1,3,1,2,2
409,1,0,1,1,0,2,1,0,1,0,0,3,0,0,0,2,3,1,3,1,2
407,1,1,0,0,1,5,0,1,0,1,1,3,3,0,1,3,3,1,3,3,2
406,1,0,1,1,0,5,0,0,0,0,0,3,0,0,1,3,3,3,3,3,1
405,1,0,1,1,1,2,0,1,0,1,1,3,0,1,0,1,3,1,3,2,2
404,1,1,1,1,1,3,0,0,0,1,1,0,1,1,1,0,0,3,1,1,1
403,1,0,1,1,0,5,0,1,0,1,1,2,3,1,1,1,2,3,2,2,2
403,1,0,1,1,1,5,0,1,0,1,1,2,3,1,0,1,2,3,2,2,2
401,1,0,1,1,1,4,0,1,1,1,1,3,1,0,1,2,3,1,2,3,2
400,1,0,1,1,1,2,0,0,1,1,1,0,3,0,0,0,0,3,1,0,1
399,1,0,1,1,0,4,1,0,0,1,1,3,0,0,1,3,3,3,2,3,2
399,1,0,1,1,1,4,1,0,0,1,1,3,0,0,0,3,3,3,2,3,2
397,1,0,1,1,1,4,1,1,0,1,1,3,1,1,1,3,3,1,3,3,2
396,1,0,1,1,0,4,1,0,0,0,0,3,3,0,1,0,3,0,3,1,1
396,1,0,1,1,1,4,1,0,0,0,0,3,3,0,0,0,3,0,3,1,1
395,1,0,1,1,1,5,1,1,0,1,1,1,0,1,0,1,1,2,1,1,1
391,1,1,1,1,0,2,0,0,0,1,1,1,0,1,1,0,1,1,2,1,2
391,1,1,1,1,0,2,0,0,0,1,1,1,0,1,0,0,1,1,2,1,2
389,1,0,1,1,0,4,1,0,0,1,1,1,3,0,1,1,1,3,1,1,1
388,1,0,1,1,1,5,0,0,0,1,1,1,0,1,1,1,1,1,1,1,2
386,1,1,1,1,1,5,0,1,0,1,1,2,3,1,0,2,2,1,3,2,0
385,1,0,1,1,0,1,0,0,1,0,0,3,0,0,1,3,3,0,3,0,2
385,1,0,1,1,0,1,0,0,1,0,0,3,0,0,1,3,3,0,3,0,2
384,1,0,1,0,1,2,0,1,1,1,1,1,0,0,0,1,1,0,1,1,2
382,1,1,1,1,0,4,1,0,1,1,1,2,3,1,1,1,2,2,2,2,1
382,1,1,1,1,0,4,1,0,1,1,1,2,3,1,1,1,2,2,2,2,1
380,1,1,1,1,1,5,0,0,1,1,1,2,1,0,1,1,2,1,3,2,2
378,1,1,1,1,1,3,1,1,0,1,1,2,0,1,0,1,2,3,2,2,0
377,1,1,1,1,0,1,0,0,1,0,0,3,0,0,0,3,3,1,3,3,1
376,1,0,1,1,0,1,1,1,1,0,0,3,1,0,1,2,3,1,3,3,1
373,1,0,1,1,1,2,1,1,0,1,1,2,1,1,1,0,2,2,3,1,2
372,1,1,1,0,0,5,1,1,0,1,1,3,3,0,1,2,3,0,2,3,2
371,1,0,0,1,1,4,1,0,1,1,1,0,0,1,1,2,0,3,1,0,1
370,1,0,1,1,0,2,0,0,1,1,1,1,0,0,1,3,1,3,1,2,1
370,1,0,1,1,1,2,0,0,1,1,1,1,0,0,0,3,1,3,1,2,1
369,1,1,1,1,0,2,1,0,1,1,1,3,1,1,1,3,3,1,3,2,2
369,1,1,1,1,1,2,1,0,1,1,1,3,1,1,1,3,3,1,3,2,2
368,1,0,1,0,0,5,0,1,0,1,1,3,3,0,0,3,3,0,3,3,2
367,1,1,1,1,0,5,0,0,0,1,1,0,0,1,1,3,0,3,1,0,2
367,1,1,1,1,0,5,0,0,0,1,1,0,0,1,0,3,0,3,1,0,2
364,1,0,0,1,0,4,1,1,0,1,1,3,0,1,0,2,3,2,2,3,2
361,1,1,1,1,0,4,0,0,0,1,1,3,3,1,0,2,3,2,3,3,1
359,1,0,1,1,0,5,1,0,0,1,1,1,1,1,1,0,1,3,2,0,2
359,1,0,1,1,1,5,1,0,0,1,1,1,1,1,0,0,1,3,2,0,2
354,1,0,1,1,1,1,1,1,0,1,1,3,3,1,0,2,3,2,3,3,1
352,1,0,0,0,1,3,0,1,1,1,1,2,1,0,1,1,2,0,2,2,1
351,1,0,0,0,1,3,1,0,1,1,1,3,3,0,1,3,3,0,2,3,1
350,1,0,1,1,0,5,0,0,0,0,0,3,0,0,1,2,3,1,3,3,1
350,1,0,1,1,0,5,0,0,0,0,0,3,0,0,0,2,3,1,3,3,1
349,1,1,0,0,0,1,0,1,0,1,1,2,0,0,0,2,2,0,3,2,1
349,1,1,0,0,0,1,0,1,0,1,1,2,0,0,0,2,2,0,3,2,1
347,1,0,1,0,1,5,1,1,0,0,0,3,3,0,0,3,3,3,3,0,1
346,1,0,1,1,1,5,1,1,0,1,1,2,0,1,0,0,2,1,3,0,1
342,1,0,1,1,1,2,0,0,1,1,1,2,0,0,1,1,2,1,3,2,1
340,1,1,1,1,1,4,1,0,1,1,1,3,3,1,0,3,3,2,3,3,2
340,1,1,1,1,1,4,1,0,1,1,1,3,3,1,0,3,3,2,3,3,2
339,1,0,1,1,0,1,0,0,0,1,1,2,0,1,1,3,2,0,2,3,2
339,1,0,1,1,1,1,0,0,0,1,1,2,0,1,0,3,2,0,2,3,2
338,1,1,1,1,1,2,1,1,1,1,1,1,1,1,1,0,1,3,1,0,1
337,1,1,1,1,0,5,1,0,0,1,1,3,3,1,1,3,3,2,2,3,1
336,1,0,0,1,1,3,1,0,0,1,1,1,0,0,1,1,1,2,2,2,2
334,1,1,1,1,1,3,0,1,0,1,1,3,1,0,0,2,3,1,2,3,1
333,1,0,1,1,1,5,1,0,0,1,1,3,3,1,1,2,3,2,2,3,1
331,1,0,1,1,1,2,1,0,0,1,1,2,1,1,1,3,2,0,2,2,2
330,1,0,1,1,1,2,1,1,0,1,1,1,3,1,0,0,1,0,1,1,2
329,1,1,1,0,0,5,0,1,0,1,1,2,0,1,1,3,2,1,2,3,1
328,1,1,1,0,1,4,1,1,1,1,1,3,0,0,0,3,3,3,2,3,1
324,1,0,1,0,0,2,1,0,1,1,1,2,1,1,1,2,2,2,2,2,2
323,1,0,1,1,1,1,0,0,0,0,0,3,3,0,1,2,3,0,3,3,0
322,1,0,1,1,1,4,0,1,0,1,1,1,0,1,1,0,1,0,2,1,2
318,1,0,1,0,0,3,0,0,1,1,1,2,0,1,1,0,2,0,2,1,1
317,1,1,1,1,0,4,0,1,0,1,1,1,1,0,0,1,1,3,2,2,2
316,1,1,0,1,0,1,1,1,0,1,1,2,3,1,1,1,2,3,2,2,1
316,1,1,0,1,1,1,1,1,0,1,1,2,3,1,0,1,2,3,2,2,1
315,1,1,1,1,1,3,1,0,1,1,1,2,0,0,1,2,2,0,1,3,1
314,1,0,1,1,0,3,0,1,1,1,1,3,0,1,1,2,3,2,2,3,1
314,1,0,1,1,1,3,0,1,1,1,1,3,0,1,0,2,3,2,2,3,1
313,1,1,0,0,0,5,0,1,0,1,1,2,1,0,1,2,2,2,2,2,2
313,1,1,0,0,0,5,0,1,0,1,1,2,1,0,1,2,2,2,2,2,2
309,1,0,1,1,0,1,1,1,0,1,1,3,3,1,1,3,3,2,2,3,1
309,1,0,1,1,1,1,1,1,0,1,1,3,3,1,1,3,3,2,2,3,1
308,1,1,1,1,0,3,0,0,0,1,1,3,0,0,1,3,3,0,2,3,2
308,1,1,1,1,1,3,0,0,0,1,1,3,0,0,1,3,3,0,2,3,2
306,1,1,1,1,1,2,1,1,0,1,1,2,1,1,0,1,2,0,2,2,1
305,1,0,1,1,1,1,1,0,1,1,1,2,3,1,0,1,2,2,3,2,1
304,1,1,1,1,1,4,0,0,0,1,1,2,0,1,0,2,2,0,2,2,1
304,1,1,1,1,1,4,0,0,0,1,1,2,0,1,0,2,2,0,2,2,1
302,1,1,1,1,0,4,0,0,0,0,0,3,3,0,1,1,3,3,3,2,1
301,1,0,1,0,0,4,1,1,1,1,1,1,0,0,1,2,1,3,2,2,1
301,1,0,1,0,0,4,1,1,1,1,1,1,0,0,1,2,1,3,2,2,1
300,1,0,1,1,0,2,1,1,0,0,0,3,0,0,1,3,3,0,3,3,2
297,1,1,1,1,0,3,1,1,1,1,1,3,0,0,1,3,3,0,3,3,1
296,1,0,1,1,1,3,1,0,0,1,1,1,1,1,0,1,1,2,2,0,1
295,1,1,0,1,1,2,1,1,0,1,1,3,3,1,0,3,3,0,3,1,1
294,1,0,1,1,1,2,1,0,0,1,1,2,0,1,1,2,2,0,2,3,2
293,1,1,1,1,1,3,0,0,1,1,1,0,0,1,0,0,0,3,1,0,1
291,1,1,1,1,0,3,1,1,1,1,1,3,3,0,1,3,3,2,2,3,1
288,1,1,0,0,1,3,1,1,1,1,1,3,3,0,0,3,3,2,3,1,1
286,1,1,0,1,1,2,1,0,1,1,1,0,1,1,1,0,0,3,1,0,0
285,1,1,1,1,0,3,1,0,1,1,1,2,3,1,1,3,2,3,2,1,1
284,1,0,1,1,1,5,1,1,1,1,1,1,0,1,0,3,1,3,1,2,2
283,1,0,1,1,1,4,1,0,0,1,1,1,1,1,1,1,1,3,1,2,1
282,1,1,1,1,0,2,0,0,0,1,1,1,3,1,1,0,1,1,2,0,2
281,1,1,0,1,0,3,0,0,0,1,1,1,3,1,1,1,1,0,1,2,0
280,1,1,1,1,1,1,0,0,0,0,0,3,0,0,1,2,3,1,3,3,2
280,1,1,1,1,1,1,0,0,0,0,0,3,0,0,1,2,3,1,3,3,2
279,1,1,1,1,0,1,1,0,1,1,1,2,1,1,1,1,2,0,3,1,1
279,1,1,1,1,0,1,1,0,1,1,1,2,1,1,1,1,2,0,3,1,1
275,1,1,1,1,0,3,0,1,1,1,1,2,3,1,1,1,2,3,1,2,2
275,1,1,1,1,0,3,0,1,1,1,1,2,3,1,0,1,2,3,1,2,2
274,1,0,1,1,1,1,1,0,0,1,1,1,3,1,1,1,1,3,1,1,0
273,1,0,1,0,1,3,1,1,1,1,1,2,0,0,1,2,2,0,2,2,1
272,1,1,1,1,1,2,1,0,1,1,1,3,1,1,1,3,3,2,3,3,2
271,1,1,1,1,0,1,0,0,1,1,1,3,3,0,1,3,3,2,1,3,2
271,1,1,1,1,1,1,0,0,1,1,1,3,3,0,0,3,3,2,1,3,2
270,1,0,1,1,1,5,1,1,0,0,1,2,0,0,0,2,2,3,3,1,2
269,1,0,0,1,0,3,1,1,1,1,1,3,1,0,0,1,3,2,3,1,1
267,1,1,1,1,0,2,1,1,0,1,1,2,3,1,1,2,2,1,1,3,2
267,1,1,1,1,1,2,1,1,0,1,1,2,3,1,0,2,2,1,1,3,2
263,1,0,1,1,0,5,1,0,1,1,1,1,0,1,1,0,1,1,2,1,1
263,1,0,1,1,1,5,1,0,1,1,1,1,0,1,1,0,1,1,2,1,1
262,1,1,1,1,0,1,0,1,0,0,0,3,1,0,1,0,3,2,3,1,1
261,1,0,1,1,1,2,0,1,0,1,1,3,3,1,0,3,3,1,3,1,1
260,1,0,1,1,1,5,1,1,0,1,1,2,3,1,1,2,2,2,1,3,1
257,1,0,1,1,1,4,1,0,0,1,1,3,3,1,0,2,3,1,2,3,1
255,1,0,1,1,0,2,1,0,0,1,1,3,1,1,1,3,3,2,3,3,2
255,1,0,1,1,1,2,1,0,0,1,1,3,1,1,0,3,3,2,3,3,2
253,1,0,0,1,0,4,1,1,1,0,0,3,3,0,1,3,3,0,3,3,2
253,1,0,0,1,0,4,1,1,1,0,0,3,3,0,0,3,3,0,3,3,2
250,1,0,1,1,0,2,1,0,0,1,1,1,3,1,1,3,1,1,2,0,1
250,1,0,1,1,1,2,1,0,0,1,1,1,3,1,0,3,1,1,2,0,1
248,1,1,0,1,0,1,1,0,0,0,1,2,1,0,0,3,2,3,2,1,0
247,1,0,1,1,0,5,0,1,0,0,0,3,3,0,1,3,3,0,3,3,2
246,1,0,0,1,0,2,1,0,1,1,1,1,3,0,1,1,1,3,1,2,1
244,1,0,1,1,1,5,0,1,1,0,0,3,1,0,0,1,3,0,3,1,2
242,1,0,0,1,0,5,0,0,1,0,0,3,0,0,1,0,3,3,3,0,1
242,1,0,0,1,1,5,0,0,1,0,0,3,0,0,1,0,3,3,3,0,1
241,1,1,1,1,0,2,1,1,0,0,0,3,1,0,1,3,3,0,3,0,1
241,1,1,1,1,1,2,1,1,0,0,0,3,1,0,0,3,3,0,3,0,1
238,1,0,1,1,1,2,0,1,1,0,0,3,0,0,0,0,3,0,3,0,1
237,1,0,1,1,1,3,0,0,0,1,1,2,1,1,1,2,2,3,1,3,1
235,1,0,1,1,1,5,0,1,0,1,1,1,0,1,1,1,1,3,1,2,1
234,1,0,0,1,1,4,0,0,1,1,1,2,1,1,1,1,2,1,3,2,1
233,1,1,1,1,0,2,1,1,0,1,1,3,3,1,1,3,3,0,3,3,2
233,1,1,1,1,1,2,1,1,0,1,1,3,3,1,1,3,3,0,3,3,2
233,1,1,1,1,0,2,1,1,0,1,1,3,3,1,1,3,3,0,3,3,2
233,1,1,1,1,1,2,1,1,0,1,1,3,3,1,1,3,3,0,3,3,2
232,1,0,1,1,0,2,0,0,0,1,1,2,3,1,1,2,2,1,3,3,1
232,1,0,1,1,1,2,0,0,0,1,1,2,3,1,1,2,2,1,3,3,1
231,1,0,1,1,1,1,0,1,1,1,1,3,0,1,0,1,3,1,3,2,1
229,1,0,1,1,1,5,1,1,0,1,1,1,3,0,0,1,1,3,1,2,1
228,1,0,1,1,1,5,0,0,1,1,1,1,0,1,1,0,1,2,2,0,2
227,1,0,1,1,0,1,1,1,0,0,0,3,1,0,1,1,3,2,3,2,1
227,1,0,1,1,1,1,1,1,0,0,0,3,1,0,0,1,3,2,3,2,1
226,1,0,1,1,1,3,0,0,0,1,1,1,3,1,0,1,1,3,2,1,2
225,1,0,1,1,0,5,0,1,0,1,1,3,3,1,1,3,3,0,2,3,2
225,1,0,1,1,1,5,0,1,0,1,1,3,3,1,0,3,3,0,2,3,2
224,1,1,1,1,1,2,1,0,0,1,1,2,0,1,0,3,2,3,2,2,1
224,1,1,1,1,1,2,1,0,0,1,1,2,0,1,0,3,2,3,2,2,1
222,1,0,1,1,1,5,0,1,0,1,1,3,3,1,0,3,3,1,2,3,2
220,1,1,1,1,0,2,1,0,1,1,1,1,1,1,0,0,1,3,1,0,1
219,1,0,1,1,1,3,1,0,1,0,0,3,3,0,1,3,3,1,3,3,1
217,1,0,1,1,1,4,0,1,0,1,1,3,0,0,1,2,3,0,1,3,1
216,1,0,1,1,0,4,1,0,0,1,1,3,1,1,0,3,3,2,3,3,1
214,1,0,0,0,0,3,1,1,0,1,1,0,0,0,1,0,0,3,1,0,2
214,1,0,0,0,1,3,1,1,0,1,1,0,0,0,0,0,0,3,1,0,2
213,1,0,1,1,0,5,1,1,0,1,1,3,1,0,1,3,3,0,3,3,0
213,1,0,1,1,1,5,1,1,0,1,1,3,1,0,1,3,3,0,3,3,0
211,1,1,1,1,1,2,1,0,1,0,1,1,3,0,1,0,1,3,2,1,1
210,1,0,1,1,1,1,0,0,0,1,1,2,0,1,1,2,2,3,1,2,2
209,1,0,1,1,1,1,1,0,0,1,1,2,1,1,1,3,2,1,2,2,2
208,1,1,0,1,1,4,1,1,1,1,1,2,3,1,0,0,2,0,2,1,1
207,1,0,0,1,1,1,1,0,0,1,1,2,0,0,0,2,2,2,3,0,1
204,1,1,1,1,0,3,0,1,0,1,1,3,3,1,0,3,3,0,3,3,2
203,1,0,1,1,1,2,0,1,0,1,1,2,0,1,1,3,2,3,1,3,2
199,1,0,1,1,1,5,0,1,0,1,1,2,1,1,1,2,2,1,2,3,2
198,1,0,1,1,0,5,1,1,1,1,1,2,3,1,1,2,2,3,1,3,2
197,1,0,0,1,0,3,0,0,1,1,1,2,3,1,1,2,2,2,2,2,2
196,1,1,1,1,1,3,1,0,1,1,1,3,0,1,1,1,3,0,3,2,1
195,1,1,1,1,1,1,1,1,0,1,1,2,1,1,1,1,2,0,3,2,2
194,1,0,0,0,0,5,1,0,1,1,1,2,3,0,1,3,2,2,3,1,1
193,1,0,1,1,0,2,1,0,1,1,1,1,0,1,1,0,1,1,1,1,1
193,1,0,1,1,1,2,1,0,1,1,1,1,0,1,0,0,1,1,1,1,1
191,1,1,1,1,0,3,1,0,1,1,1,2,3,0,1,2,2,2,2,3,2
189,1,1,1,1,0,5,1,0,0,1,1,2,0,1,1,1,2,1,3,0,1
189,1,1,1,1,0,5,1,0,0,1,1,2,0,1,1,1,2,1,3,0,1
184,1,0,0,1,0,3,0,0,1,1,1,3,3,1,0,2,3,2,3,3,2
183,1,1,1,1,1,4,0,0,0,1,1,0,3,0,0,3,0,3,1,1,2
181,1,0,0,1,1,1,0,1,1,1,1,2,1,1,1,0,2,0,3,0,2
179,1,0,1,1,0,5,1,0,1,0,0,3,0,0,1,2,3,0,3,2,2
179,1,0,1,1,0,5,1,0,1,0,0,3,0,0,0,2,3,0,3,2,2
178,1,0,0,1,1,1,0,0,0,1,1,3,1,1,1,3,3,1,2,3,0
175,1,0,1,1,1,3,0,0,0,1,1,1,0,1,1,3,1,3,1,1,2
174,1,0,1,1,1,4,0,1,1,1,1,2,1,1,0,3,2,2,2,1,1
173,1,0,0,1,1,5,0,0,0,1,1,2,3,1,1,0,2,1,2,0,2
172,1,1,1,1,1,2,0,0,1,1,1,2,0,1,0,2,2,3,1,2,1
171,1,0,1,1,1,1,1,0,1,1,1,2,1,0,0,1,2,3,1,2,1
170,1,0,1,1,1,2,1,0,0,0,0,3,3,0,1,1,3,2,3,2,1
169,1,1,1,1,0,4,1,0,0,1,1,2,3,0,1,1,2,3,1,2,1
169,1,1,1,1,0,4,1,0,0,1,1,2,3,0,1,1,2,3,1,2,1
168,1,1,1,1,0,4,0,0,1,1,1,2,0,0,0,1,2,3,1,2,1
168,1,1,1,1,0,4,0,0,1,1,1,2,0,0,0,1,2,3,1,2,1
167,1,1,1,1,1,5,0,1,0,1,1,2,1,1,0,2,2,1,2,1,2
165,1,1,1,1,1,2,0,0,0,1,1,3,0,0,1,3,3,2,2,3,1
164,1,0,1,1,1,2,1,0,1,1,1,3,1,1,1,2,3,0,2,3,2
163,1,0,1,0,1,3,1,1,1,1,1,2,3,1,1,2,2,1,2,2,1
162,1,0,1,1,0,3,0,1,1,0,1,3,3,0,1,2,3,3,3,3,0
162,1,0,1,1,0,3,0,1,1,0,1,3,3,0,0,2,3,3,3,3,0
159,1,0,1,1,0,4,0,0,1,0,0,3,3,0,1,3,3,0,3,3,0
158,1,0,1,0,1,1,1,0,1,1,1,3,3,0,0,2,3,1,3,3,1
157,1,0,1,1,1,4,1,1,0,1,1,2,1,1,0,1,2,3,2,2,2
156,1,0,0,1,0,4,0,0,1,1,1,2,1,1,1,3,2,1,3,0,2
155,1,0,0,1,1,1,0,1,0,1,1,1,2,1,1,1,1,3,1,2,2
154,1,0,1,1,0,5,0,0,0,1,1,3,2,1,1,2,3,1,2,3,0
154,1,0,1,1,1,5,0,0,0,1,1,3,2,1,1,2,3,1,2,3,0
153,1,1,1,0,0,4,1,0,0,1,1,3,0,0,1,3,3,0,2,3,1
152,1,1,1,1,1,3,1,0,1,1,1,2,3,1,1,2,2,2,2,3,1
151,1,1,1,1,1,4,1,1,0,1,1,2,1,1,1,1,2,1,3,1,1
150,1,0,1,1,0,3,1,0,1,1,1,3,3,1,1,0,3,2,3,1,1
150,1,0,1,1,1,3,1,0,1,1,1,3,3,1,1,0,3,2,3,1,1
148,1,1,1,1,1,1,1,1,0,0,0,3,1,0,0,3,3,1,3,3,2
147,1,0,1,0,0,2,1,1,1,1,1,1,2,0,1,0,1,3,1,1,2
147,1,0,1,0,0,2,1,1,1,1,1,1,2,0,0,0,1,3,1,1,2
145,1,0,1,1,0,3,0,0,1,0,0,3,0,0,0,3,3,1,3,3,2
143,1,0,1,1,1,4,0,1,0,1,1,2,1,1,0,3,2,1,1,3,2
142,1,0,0,0,0,5,0,0,0,1,1,1,1,0,1,2,1,1,2,1,1
142,1,0,0,0,1,5,0,0,0,1,1,1,1,0,1,2,1,1,2,1,1
140,1,1,1,0,1,4,0,1,0,1,1,2,2,0,0,2,2,3,1,2,1
139,1,1,1,1,1,5,0,1,0,1,1,2,0,1,1,1,2,1,3,2,1
138,1,0,1,1,1,5,1,1,0,1,1,1,3,1,1,0,1,3,1,1,1
136,1,0,1,1,0,2,1,1,1,0,0,3,1,0,0,1,3,2,3,2,2
135,1,0,1,1,1,1,1,0,0,1,1,3,2,1,1,2,3,1,1,3,2
134,1,0,1,1,1,2,1,0,0,1,1,3,2,1,0,2,3,3,2,3,1
133,1,0,1,1,1,1,0,1,0,1,1,0,0,0,0,0,0,3,1,0,2
130,1,0,1,1,0,3,1,1,0,1,1,2,2,1,1,3,2,0,2,2,1
130,1,0,1,1,1,3,1,1,0,1,1,2,2,1,1,3,2,0,2,2,1
129,1,1,1,0,1,1,0,0,1,1,1,3,0,0,0,3,3,3,2,3,0
128,1,0,1,1,1,4,1,0,1,1,1,2,3,1,1,3,2,2,3,1,2
127,1,1,1,1,1,3,0,0,1,1,1,0,1,1,1,0,0,3,1,0,1
126,1,0,1,1,1,3,1,1,1,0,0,3,1,0,1,2,3,1,3,3,1
125,1,0,0,1,0,3,0,1,0,1,1,3,2,0,0,3,3,1,3,3,1
122,1,0,1,1,0,3,1,1,0,0,0,3,3,0,1,3,3,2,3,3,1
122,1,0,1,1,0,3,1,1,0,0,0,3,3,0,0,3,3,2,3,3,1
121,1,1,1,1,0,1,1,0,0,1,1,1,1,0,1,0,1,3,1,1,1
120,1,1,1,1,0,3,1,0,0,1,1,2,1,1,1,2,2,1,2,2,2
120,1,1,1,1,0,3,1,0,0,1,1,2,1,1,1,2,2,1,2,2,2
119,1,0,1,0,0,1,0,1,0,1,1,2,2,0,0,2,2,3,1,2,1
118,1,0,1,0,0,5,1,1,0,1,1,2,2,0,1,2,2,1,2,3,1
117,1,1,1,1,1,3,1,1,0,1,1,2,0,1,0,2,2,2,3,2,2
114,1,0,0,1,0,4,0,1,0,1,1,3,1,1,1,3,3,2,3,3,1
112,1,0,1,1,1,3,1,0,0,1,1,1,2,1,1,1,1,2,2,1,2
109,1,1,1,0,0,1,0,0,0,1,1,2,1,1,1,0,2,0,3,0,1
109,1,1,1,0,1,1,0,0,0,1,1,2,1,1,0,0,2,0,3,0,1
108,1,0,1,1,1,2,1,1,0,1,1,1,1,0,0,1,1,1,2,2,2
106,1,1,1,0,1,2,0,1,0,1,1,2,2,0,0,2,2,3,2,3,2
105,1,1,1,1,0,1,0,1,1,1,1,2,0,0,1,1,2,1,2,1,1
104,1,1,1,1,0,2,0,0,1,1,1,3,3,1,1,2,3,2,2,3,1
104,1,1,1,1,0,2,0,0,1,1,1,3,3,1,0,2,3,2,2,3,1
102,1,0,1,0,0,2,0,1,0,1,1,1,1,0,1,0,1,0,1,0,1
100,1,0,1,1,1,4,1,0,0,1,1,2,2,1,1,2,2,3,1,3,2
99,1,1,1,1,1,4,1,0,1,1,1,1,0,1,0,0,1,2,1,0,1
97,1,1,1,1,0,3,1,0,1,0,0,3,1,0,1,3,3,1,3,3,1
96,1,0,1,1,1,1,1,1,0,1,1,2,1,1,0,2,2,1,2,3,1
95,1,0,1,1,0,1,0,1,1,0,0,3,2,0,1,3,3,0,3,3,2
95,1,0,1,1,1,1,0,1,1,0,0,3,2,0,1,3,3,0,3,3,2
94,1,1,1,0,0,3,0,0,1,1,1,3,2,0,0,2,3,2,1,3,0
93,1,0,1,1,1,4,0,0,0,1,1,0,0,0,0,0,0,3,1,1,2
92,1,0,0,1,0,3,0,0,0,1,1,3,3,0,1,2,3,0,3,3,2
91,1,1,1,1,0,2,0,1,0,1,1,1,1,1,1,0,1,3,1,1,0
91,1,1,1,1,0,2,0,1,0,1,1,1,1,1,0,0,1,3,1,1,0
90,1,1,1,1,0,4,0,0,0,1,1,2,1,1,1,2,2,1,1,3,2
90,1,1,1,1,1,4,0,0,0,1,1,2,1,1,0,2,2,1,1,3,2
84,1,1,1,1,0,2,1,0,1,0,0,3,1,0,1,3,3,0,3,3,2
83,1,0,0,1,0,5,1,0,1,1,1,3,2,1,1,3,3,2,3,3,1
82,1,0,1,1,1,1,1,1,0,1,1,2,2,1,0,0,2,1,3,1,1
81,1,0,1,1,1,3,1,1,0,1,1,2,0,1,1,1,2,1,2,2,1
80,1,1,1,1,1,5,0,0,0,1,1,2,3,0,0,2,2,2,3,1,1
79,1,1,1,1,1,2,0,0,1,1,1,1,1,0,0,1,1,0,2,2,2
77,1,0,1,1,1,1,1,1,0,1,1,3,2,1,1,3,3,3,2,3,1
75,1,0,1,1,0,5,1,1,0,1,1,2,0,1,1,2,2,0,2,2,1
75,1,0,1,1,1,5,1,1,0,1,1,2,0,1,0,2,2,0,2,2,1
73,1,1,1,1,1,1,0,1,0,1,1,1,1,1,0,3,1,3,1,2,1
72,1,0,1,1,1,2,1,1,1,1,1,2,1,1,0,2,2,1,2,3,1
70,1,0,1,1,1,5,1,0,1,1,1,2,2,1,0,2,2,0,3,2,2
69,1,0,1,0,0,3,0,1,1,1,1,2,0,1,1,2,2,0,3,3,1
69,1,0,1,0,0,3,0,1,1,1,1,2,0,1,1,2,2,0,3,3,1
68,1,0,0,1,0,1,0,1,0,1,1,3,3,1,1,3,3,1,3,3,1
68,1,0,0,1,1,1,0,1,0,1,1,3,3,1,1,3,3,1,3,3,1
66,1,0,1,1,1,2,0,0,0,0,0,3,1,0,0,3,3,2,3,3,1
65,1,0,0,1,0,2,1,0,0,1,1,1,2,0,1,1,1,3,1,0,2
64,1,0,0,1,0,4,0,0,0,1,1,2,2,1,1,0,2,3,2,0,1
64,1,0,0,1,0,4,0,0,0,1,1,2,2,1,1,0,2,3,2,0,1
63,1,0,1,1,1,2,1,0,0,1,1,1,0,1,0,1,1,1,1,1,1
62,1,1,1,1,0,5,1,1,0,1,1,2,3,1,1,2,2,2,2,2,1
62,1,1,1,1,0,5,1,1,0,1,1,2,3,1,1,2,2,2,2,2,1
59,1,0,1,0,0,2,1,0,0,0,0,3,2,0,1,1,3,3,3,2,1
59,1,0,1,0,1,2,1,0,0,0,0,3,2,0,1,1,3,3,3,2,1
57,1,1,1,1,0,1,1,0,1,1,1,1,0,0,0,2,1,3,2,0,1
52,1,0,1,1,0,5,1,0,1,1,1,0,2,1,1,0,0,3,1,0,2
52,1,0,1,1,1,5,1,0,1,1,1,0,2,1,0,0,0,3,1,0,2
51,1,1,1,0,0,1,1,0,1,1,1,2,0,0,0,2,2,1,3,3,2
51,1,1,1,0,0,1,1,0,1,1,1,2,0,0,0,2,2,1,3,3,2
50,1,0,0,1,1,4,1,1,0,1,1,1,3,1,1,0,1,3,1,1,1
49,1,1,1,1,1,1,1,0,0,1,1,2,1,1,0,0,2,1,3,0,2
48,1,1,1,1,0,2,1,1,0,1,1,2,1,0,0,1,2,0,3,0,2
46,1,1,1,1,1,5,0,1,0,1,1,2,2,1,1,2,2,1,3,2,2
45,1,0,1,1,1,2,1,1,0,1,1,3,0,1,1,3,3,0,1,3,1
43,1,0,1,1,0,1,1,0,0,1,1,2,1,0,1,0,2,1,2,0,2
43,1,0,1,1,1,1,1,0,0,1,1,2,1,0,0,0,2,1,2,0,2
42,1,0,1,1,1,4,0,0,1,1,1,3,1,1,0,2,3,0,2,3,1
41,1,0,0,1,0,3,0,0,1,1,1,1,2,1,1,1,1,0,1,1,2
41,1,0,0,1,0,3,0,0,1,1,1,1,2,1,1,1,1,0,1,1,2
40,1,1,1,1,1,1,0,1,0,1,1,1,2,1,1,3,1,2,2,0,0
39,1,1,1,1,0,1,0,1,1,1,1,2,0,1,1,2,2,1,2,2,1
37,1,0,0,1,1,1,0,0,1,1,1,2,1,0,1,2,2,3,1,3,2
33,1,0,1,0,1,2,0,1,1,0,0,3,0,0,0,2,3,0,3,3,1
32,1,0,1,1,0,3,0,1,0,1,1,2,3,1,1,0,2,0,3,1,2
32,1,0,1,1,1,3,0,1,0,1,1,2,3,1,0,0,2,0,3,1,2
31,1,0,1,1,0,3,0,1,0,1,1,3,1,1,1,3,3,1,2,3,2
31,1,0,1,1,1,3,0,1,0,1,1,3,1,1,1,3,3,1,2,3,2
30,1,0,1,1,1,4,1,0,0,1,1,1,1,1,0,1,1,2,2,2,0
28,1,0,1,0,0,2,0,1,0,1,1,2,2,1,1,0,2,2,3,1,0
28,1,0,1,0,1,2,0,1,0,1,1,2,2,1,1,0,2,2,3,1,0
26,1,0,0,1,0,5,1,0,0,1,1,0,3,1,0,0,0,2,1,1,0
24,1,0,1,1,1,3,1,0,1,1,1,1,1,1,1,1,1,3,1,1,1
23,1,0,1,1,1,4,0,1,0,1,1,2,2,0,0,0,2,1,3,1,2
22,1,0,1,0,0,1,1,0,1,1,1,1,2,1,0,2,1,2,2,1,1
21,1,1,1,1,0,3,1,1,0,1,1,3,0,1,1,2,3,0,3,3,2
21,1,1,1,1,1,3,1,1,0,1,1,3,0,1,1,2,3,0,3,3,2
19,1,0,1,1,1,2,0,1,0,1,1,3,1,1,0,3,3,2,2,3,1
17,1,0,1,1,0,1,0,0,0,1,1,3,2,1,1,3,3,2,3,3,2
17,1,0,1,1,1,1,0,0,0,1,1,3,2,1,1,3,3,2,3,3,2
15,1,0,1,1,1,2,1,1,1,1,1,1,0,1,1,0,1,3,1,1,2
13,1,1,1,1,0,1,0,1,0,1,1,1,1,1,0,0,1,3,1,1,1
12,1,0,1,1,1,3,0,1,0,1,1,2,1,1,1,1,2,1,1,2,1
11,1,1,1,1,0,5,1,0,1,1,1,2,2,1,1,2,2,2,2,2,2
9,1,1,1,0,0,5,0,0,1,1,1,2,0,0,0,1,2,1,2,2,2
8,1,0,1,1,0,1,0,1,0,1,1,2,3,1,1,3,2,3,1,2,2
8,1,0,1,1,1,1,0,1,0,1,1,2,3,1,0,3,2,3,1,2,2
7,1,0,1,1,0,3,1,1,1,0,0,3,1,0,1,3,3,2,3,3,1
6,1,0,1,1,0,2,1,1,1,1,1,3,1,1,1,3,3,0,3,3,1
6,1,0,1,1,1,2,1,1,1,1,1,3,1,1,0,3,3,0,3,3,1
4,1,1,1,1,0,1,0,1,1,1,1,3,2,1,1,3,3,0,3,3,2
2,1,0,1,1,1,5,0,0,1,0,0,3,3,0,1,1,3,1,3,1,2
1,1,0,1,1,1,2,1,1,0,1,1,3,1,1,0,3,3,3,1,3,2
997,0,0,1,1,1,2,1,1,1,1,1,0,1,1,0,0,0,1,0,1,2
995,0,0,1,1,0,4,1,0,1,1,1,2,0,1,1,2,2,1,1,2,1
995,0,0,1,1,1,4,1,0,1,1,1,2,0,1,1,2,2,1,1,2,1
991,0,0,1,1,0,5,1,0,1,1,1,0,3,0,1,0,0,1,0,0,2
991,0,0,1,1,0,5,1,0,1,1,1,0,3,0,0,0,0,1,0,0,2
988,0,0,1,1,0,4,1,0,1,1,1,1,0,0,1,0,1,0,0,1,2
986,0,0,1,1,0,4,0,1,0,1,1,1,1,1,1,1,1,2,0,1,1
982,0,0,1,1,0,5,0,0,1,1,1,0,0,1,1,0,0,2,0,0,1
982,0,0,1,1,0,5,0,0,1,1,1,0,0,1,0,0,0,2,0,0,1
980,0,1,1,1,1,2,0,0,1,1,1,0,1,1,1,0,0,2,0,0,2
979,0,0,1,1,1,3,0,0,1,1,1,1,0,0,0,3,1,3,0,2,1
978,0,0,1,1,0,5,0,0,1,1,1,0,3,1,1,3,0,0,0,0,1
978,0,0,1,1,1,5,0,0,1,1,1,0,3,1,0,3,0,0,0,0,1
974,0,0,1,1,0,5,0,0,1,1,1,1,1,1,1,3,1,1,1,2,1
973,0,0,1,1,0,3,1,1,1,1,1,0,0,0,1,1,0,1,0,0,2
971,0,0,1,1,0,3,1,1,1,1,1,0,1,0,0,1,0,0,0,1,2
966,0,0,1,1,0,5,0,1,1,1,1,1,1,0,1,1,1,3,0,1,1
965,0,0,1,1,0,1,1,0,1,1,1,0,0,0,1,3,0,1,0,0,1
964,0,0,1,1,1,4,0,0,1,1,1,1,3,1,0,1,1,3,1,2,2
961,0,0,1,1,0,1,1,0,1,1,1,0,0,0,1,1,0,1,0,1,1
961,0,0,1,1,1,1,1,0,1,1,1,0,0,0,1,1,0,1,0,1,1
960,0,0,1,1,0,1,1,1,0,1,1,1,3,1,1,2,1,0,1,1,1
960,0,0,1,1,0,1,1,1,0,1,1,1,3,1,0,2,1,0,1,1,1
957,0,0,1,1,0,5,1,0,0,1,1,0,3,0,1,1,0,1,0,0,1
954,0,0,1,1,0,1,0,0,0,1,1,0,0,1,1,1,0,0,0,0,2
954,0,0,1,1,0,1,0,0,0,1,1,0,0,1,1,1,0,0,0,0,2
951,0,0,1,1,0,2,0,0,0,1,1,0,0,1,0,0,0,2,0,0,2
944,0,0,1,1,0,5,1,1,1,1,1,1,0,0,1,1,1,3,1,2,1
941,0,0,1,1,0,4,1,1,0,1,1,1,1,0,1,1,1,3,0,2,1
939,0,1,1,1,0,4,0,1,1,1,1,1,3,1,1,3,1,3,1,1,1
938,0,0,1,1,0,3,1,0,1,1,1,0,1,0,1,0,0,2,0,1,1
938,0,0,1,1,1,3,1,0,1,1,1,0,1,0,0,0,0,2,0,1,1
934,0,0,1,1,0,1,1,1,1,1,1,1,1,0,1,0,1,2,1,1,1
933,0,0,1,1,0,5,0,1,1,1,1,0,0,0,0,3,0,1,0,0,1
931,0,1,1,1,0,5,1,0,0,1,1,2,1,1,1,1,2,2,1,2,2
931,0,1,1,1,0,5,1,0,0,1,1,2,1,1,0,1,2,2,1,2,2
930,0,0,1,1,1,3,1,1,1,1,1,0,0,0,0,3,0,3,0,0,2
929,0,0,1,1,0,4,0,1,1,1,1,0,1,0,1,0,0,1,0,1,1
925,0,1,1,1,0,1,0,0,1,1,1,0,3,0,1,0,0,0,1,1,1
925,0,1,1,1,1,1,0,0,1,1,1,0,3,0,0,0,0,0,1,1,1
922,0,0,1,1,0,5,1,0,0,1,1,0,3,1,1,0,0,1,0,0,1
921,0,0,1,1,0,1,0,1,1,1,1,0,3,0,0,3,0,1,0,0,2
919,0,0,1,1,0,1,1,0,0,1,1,0,0,1,1,0,0,2,0,0,1
919,0,0,1,1,0,1,1,0,0,1,1,0,0,1,0,0,0,2,0,0,1
917,0,0,1,1,0,5,0,1,1,1,1,1,1,1,0,1,1,0,1,2,1
914,0,0,1,1,0,5,0,0,1,1,1,1,3,0,0,1,1,3,1,2,2
912,0,0,1,1,0,1,1,0,1,1,1,0,0,0,1,0,0,1,0,0,2
911,0,0,1,1,1,2,0,1,1,1,1,0,3,1,0,0,0,2,0,0,1
907,0,0,1,1,1,1,1,1,1,1,1,0,3,1,0,0,0,0,0,0,2
903,0,0,1,1,0,3,1,1,0,1,1,1,1,0,1,1,1,3,0,1,2
900,0,0,1,1,0,5,0,1,1,1,1,0,3,0,1,0,0,3,0,1,2
900,0,0,1,1,0,5,0,1,1,1,1,0,3,0,1,0,0,3,0,1,2
899,0,0,1,1,0,3,1,0,0,1,1,0,1,0,1,0,0,1,0,1,2
898,0,0,1,1,1,3,0,1,1,1,1,0,0,0,0,0,0,1,0,0,1
892,0,0,1,1,0,2,1,0,1,1,1,0,1,1,0,0,0,3,1,1,1
889,0,1,1,1,0,5,0,0,0,1,1,2,1,0,1,2,2,3,1,2,1
886,0,0,1,1,1,3,0,0,1,1,1,0,3,0,0,1,0,2,1,0,1
884,0,0,1,1,1,2,1,1,1,1,1,0,0,0,0,0,0,1,0,1,1
883,0,0,1,1,1,3,1,0,1,1,1,0,3,0,0,3,0,1,0,1,2
882,0,0,1,1,1,4,1,1,1,1,1,0,1,1,0,3,0,2,0,0,1
880,0,1,1,1,1,5,0,1,1,1,1,1,3,0,1,1,1,3,1,2,0
878,0,0,1,1,0,2,1,0,0,1,1,1,1,0,1,1,1,3,0,2,1
876,0,1,1,1,0,2,0,0,0,1,1,0,3,1,1,3,0,2,0,0,2
876,0,1,1,1,0,2,0,0,0,1,1,0,3,1,1,3,0,2,0,0,2
876,0,1,1,1,0,2,0,0,0,1,1,0,3,1,1,3,0,2,0,0,2
876,0,1,1,1,0,2,0,0,0,1,1,0,3,1,1,3,0,2,0,0,2
875,0,1,1,1,0,1,1,1,0,1,1,0,1,0,1,2,0,0,0,0,1
873,0,0,1,1,1,4,1,1,1,1,1,1,3,0,1,1,1,1,0,1,1
872,0,0,1,1,1,4,1,1,1,1,1,1,3,0,1,1,1,3,0,2,2
869,0,0,1,1,0,5,1,1,0,1,1,1,3,0,0,3,1,2,0,1,1
865,0,1,1,1,0,5,0,0,1,1,1,1,3,1,0,1,1,0,0,2,2
862,0,0,1,1,0,4,1,0,0,1,1,0,3,0,1,3,0,3,0,0,1
861,0,0,1,1,0,4,1,1,1,1,1,0,1,0,0,1,0,0,0,0,2
860,0,0,1,1,0,5,0,1,1,1,1,1,0,1,1,0,1,0,1,1,1
860,0,0,1,1,0,5,0,1,1,1,1,1,0,1,1,0,1,0,1,1,1
857,0,0,1,1,0,5,1,1,0,1,1,0,1,0,0,2,0,2,1,1,1
853,0,0,1,1,0,2,0,0,1,1,1,0,0,1,0,0,0,3,0,0,2
851,0,0,1,1,0,1,1,1,1,1,1,0,3,0,1,0,0,0,1,1,1
851,0,0,1,1,0,1,1,1,1,1,1,0,3,0,1,0,0,0,1,1,1
848,0,0,1,1,1,4,1,0,1,1,1,2,1,0,1,3,2,1,1,2,2
845,0,0,1,1,0,5,1,0,1,1,1,1,3,0,1,1,1,3,1,1,2
845,0,0,1,1,1,5,1,0,1,1,1,1,3,0,1,1,1,3,1,1,2
844,0,1,1,1,0,2,1,1,1,1,1,1,1,1,1,1,1,3,1,1,1
844,0,1,1,1,1,2,1,1,1,1,1,1,1,1,1,1,1,3,1,1,1
843,0,0,1,1,0,3,1,0,1,1,1,0,0,0,0,0,0,3,0,0,1
839,0,1,1,1,1,5,0,0,1,1,1,0,3,1,0,3,0,3,1,1,1
839,0,1,1,1,1,5,0,0,1,1,1,0,3,1,0,3,0,3,1,1,1
837,0,0,1,1,0,5,1,0,0,1,1,0,2,1,1,0,0,1,0,1,1
834,0,0,1,1,0,2,1,1,1,1,1,0,1,1,1,0,0,2,0,0,1
833,0,0,1,1,0,3,1,1,1,1,1,1,3,1,1,2,1,3,1,1,1
829,0,0,1,1,0,5,0,0,1,1,1,0,1,0,1,1,0,1,0,1,1
829,0,0,1,1,0,5,0,0,1,1,1,0,1,0,1,1,0,1,0,1,1
826,0,0,1,1,0,4,0,0,1,1,1,0,0,1,1,0,0,2,0,0,1
824,0,0,1,1,1,5,0,0,1,1,1,0,2,0,0,0,0,2,0,0,1
822,0,0,1,1,0,5,1,0,1,1,1,1,1,0,1,1,1,0,0,2,1
822,0,0,1,1,0,5,1,0,1,1,1,1,1,0,1,1,1,0,0,2,1
819,0,0,1,1,1,5,1,0,1,1,1,1,2,1,0,0,1,3,0,1,2
818,0,0,1,1,0,4,1,0,1,1,1,0,2,0,0,0,0,2,0,0,1
816,0,0,1,1,0,3,1,1,0,1,1,2,1,0,1,1,2,3,0,2,0
816,0,0,1,1,0,3,1,1,0,1,1,2,1,0,1,1,2,3,0,2,0
815,0,1,1,1,0,2,1,0,0,1,1,2,3,0,1,2,2,3,1,2,1
813,0,0,1,1,1,5,0,1,1,1,1,0,2,1,1,0,0,0,0,0,0
811,0,0,1,1,0,4,1,1,1,1,1,0,1,0,0,0,0,2,0,0,1
810,0,0,1,1,0,5,0,1,0,1,1,2,1,0,1,2,2,0,1,2,1
810,0,0,1,1,0,5,0,1,0,1,1,2,1,0,0,2,2,0,1,2,1
802,0,0,1,1,1,5,0,0,1,1,1,0,0,1,0,0,0,0,0,0,1
801,0,0,1,1,0,5,0,0,0,1,1,0,2,1,0,0,0,0,0,1,1
799,0,0,1,1,0,2,0,1,0,1,1,0,1,0,1,0,0,3,0,1,1
796,0,0,1,1,0,2,1,1,1,1,1,1,0,0,1,1,1,2,1,2,1
796,0,0,1,1,1,2,1,1,1,1,1,1,0,0,0,1,1,2,1,2,1
793,0,1,1,1,0,3,1,0,0,1,1,0,1,0,1,0,0,1,0,1,1
791,0,0,1,1,0,5,0,0,1,1,1,1,3,1,1,1,1,0,1,1,1
791,0,0,1,1,1,5,0,0,1,1,1,1,3,1,0,1,1,0,1,1,1
786,0,0,1,1,0,5,0,1,1,1,1,0,1,0,0,0,0,0,1,0,1
784,0,0,1,1,0,1,1,1,0,1,1,1,0,0,1,3,1,3,0,2,1
782,0,0,1,1,0,1,0,1,1,1,1,1,2,0,1,1,1,2,1,1,1
777,0,0,1,1,0,2,0,0,0,1,1,0,2,1,1,0,0,3,0,1,2
777,0,0,1,1,0,2,0,0,0,1,1,0,2,1,0,0,0,3,0,1,2
772,0,0,1,1,0,4,0,1,1,1,1,1,0,0,0,1,1,3,0,2,1
771,0,1,1,1,0,1,1,1,0,1,1,1,2,0,1,1,1,3,0,1,2
767,0,0,1,1,0,5,0,1,0,1,1,0,3,0,1,0,0,1,0,1,1
766,0,0,1,1,0,5,0,0,0,1,1,0,0,1,0,3,0,0,0,0,1
763,0,1,1,1,0,2,1,0,0,1,1,0,1,0,0,1,0,1,0,0,2
759,0,0,1,1,1,3,1,1,1,1,1,0,2,0,0,0,0,1,0,1,1
756,0,0,1,1,0,5,0,1,0,1,1,0,1,0,1,0,0,3,0,1,2
755,0,0,1,1,1,5,0,1,1,1,1,0,3,1,1,0,0,0,0,0,2
752,0,0,1,1,0,3,1,1,1,1,1,2,2,0,1,3,2,1,1,2,2
737,0,0,1,1,0,4,1,1,1,1,1,0,3,0,1,0,0,3,1,1,2
737,0,0,1,1,1,4,1,1,1,1,1,0,3,0,1,0,0,3,1,1,2
736,0,0,1,1,0,2,1,0,1,1,1,0,0,0,0,0,0,1,1,0,1
731,0,0,1,1,0,4,0,0,1,1,1,0,3,0,1,0,0,1,0,0,1
730,0,0,1,1,1,2,0,0,1,1,1,0,0,0,0,1,0,0,0,1,1
728,0,0,1,1,0,5,1,0,0,1,1,1,2,0,1,1,1,2,0,2,2
726,0,0,1,1,0,3,1,1,1,1,1,1,1,1,1,1,1,0,1,2,0
726,0,0,1,1,0,3,1,1,1,1,1,1,1,1,1,1,1,0,1,2,0
725,0,0,1,1,0,4,1,1,0,1,1,0,3,0,0,0,0,1,0,0,1
722,0,1,1,1,0,1,1,0,1,1,1,0,2,0,1,0,0,1,0,1,1
722,0,1,1,1,0,1,1,0,1,1,1,0,2,0,1,0,0,1,0,1,1
720,0,0,1,1,0,2,1,1,0,1,1,0,1,0,0,0,0,2,0,0,1
718,0,0,1,1,1,5,1,0,1,1,1,0,0,0,1,3,0,1,0,0,1
716,0,0,1,1,1,4,0,1,1,1,1,0,2,0,0,1,0,2,0,0,1
715,0,1,1,1,0,3,1,1,0,1,1,0,1,0,0,2,0,2,0,0,2
713,0,0,1,1,0,5,0,1,1,1,1,0,3,1,0,0,0,2,0,0,1
711,0,0,1,1,1,5,1,0,1,1,1,0,2,1,1,0,0,3,0,0,1
708,0,1,1,1,0,4,1,1,1,1,1,0,0,1,1,0,0,2,0,0,1
707,0,0,1,1,1,3,1,0,1,1,1,0,2,0,1,2,0,3,1,0,2
706,0,0,1,1,1,4,1,0,1,1,1,1,2,1,0,2,1,2,1,1,1
704,0,0,1,1,0,5,1,1,0,1,1,2,1,0,1,1,2,0,1,2,2
703,0,0,1,1,1,2,1,0,1,1,1,0,3,1,0,1,0,3,1,0,1
695,0,0,1,1,0,2,1,1,0,1,1,1,2,0,1,1,1,0,0,1,1
694,0,1,1,1,0,5,1,0,0,1,1,2,2,0,1,1,2,2,1,2,2
693,0,0,1,1,0,2,0,0,0,1,1,0,1,0,0,3,0,2,0,0,1
692,0,0,1,1,1,5,1,0,1,1,1,0,1,0,1,1,0,1,0,1,2
691,0,0,1,1,1,5,0,0,1,1,1,0,3,1,0,0,0,1,0,0,1
687,0,0,1,1,0,4,1,0,0,1,1,0,2,0,1,0,0,2,0,1,1
685,0,0,1,1,1,3,0,1,1,1,1,0,1,1,1,2,0,2,0,0,1
683,0,1,1,1,1,2,1,1,1,1,1,1,3,1,1,1,1,3,0,2,1
681,0,1,1,1,0,5,1,1,1,1,1,0,1,0,0,2,0,2,0,0,1
675,0,0,1,1,0,5,1,1,0,1,1,2,3,0,1,2,2,3,1,3,2
675,0,0,1,1,0,5,1,1,0,1,1,2,3,0,0,2,2,3,1,3,2
671,0,0,1,1,0,1,1,0,0,1,1,1,3,1,1,0,1,1,0,1,1
669,0,0,1,1,0,2,1,1,1,1,1,2,0,1,1,2,2,3,1,2,1
657,0,0,1,1,0,3,0,0,0,1,1,0,3,0,0,0,0,1,0,0,2
654,0,0,1,1,0,1,0,1,1,1,1,1,3,0,1,1,1,1,0,2,1
653,0,0,1,1,0,1,0,1,1,1,1,0,1,1,0,0,0,0,0,0,2
648,0,0,1,1,0,2,0,0,0,1,1,0,0,0,1,3,0,2,1,0,1
644,0,0,1,1,0,4,1,0,1,1,1,0,3,0,0,0,0,3,1,1,1
643,0,0,1,1,0,4,0,1,1,1,1,1,3,1,1,0,1,0,0,1,2
640,0,0,1,1,1,5,0,0,1,1,1,1,3,1,0,0,1,2,0,1,1
639,0,0,1,1,1,1,1,1,1,1,1,0,1,0,0,0,0,0,0,0,2
637,0,1,1,1,0,3,0,0,0,1,1,0,3,1,1,0,0,3,0,0,1
636,0,0,1,1,0,3,0,1,0,1,1,0,3,0,1,0,0,0,0,0,1
633,0,1,1,1,0,3,0,1,0,1,1,0,3,0,1,3,0,2,0,0,2
630,0,0,1,1,0,4,1,0,1,1,1,0,3,0,1,0,0,2,0,0,1
623,0,0,1,1,0,1,1,1,0,1,1,0,3,0,1,0,0,1,0,0,2
623,0,0,1,1,0,1,1,1,0,1,1,0,3,0,0,0,0,1,0,0,2
622,0,0,1,1,0,4,1,0,0,1,1,0,3,0,1,0,0,0,1,1,1
618,0,1,1,1,0,4,1,1,0,1,1,0,1,0,0,0,0,3,0,0,1
604,0,1,1,1,0,3,0,0,0,1,1,0,1,0,1,0,0,3,0,1,2
604,0,1,1,1,0,3,0,0,0,1,1,0,1,0,0,0,0,3,0,1,2
597,0,0,1,1,1,4,1,0,1,1,1,0,1,0,0,3,0,0,0,0,2
586,0,0,1,1,0,1,0,0,0,1,1,1,1,0,0,1,1,2,0,1,2
582,0,0,1,1,1,5,1,1,1,1,1,1,0,1,0,1,1,2,1,1,1
577,0,0,1,1,1,3,0,0,1,1,1,0,3,0,1,2,0,0,0,0,0
574,0,0,1,1,0,2,0,1,1,1,1,0,3,1,1,0,0,2,0,0,1
574,0,0,1,1,0,2,0,1,1,1,1,0,3,1,0,0,0,2,0,0,1
571,0,0,1,1,0,1,0,1,1,1,1,0,0,0,1,0,0,1,0,0,1
571,0,0,1,1,0,1,0,1,1,1,1,0,0,0,0,0,0,1,0,0,1
566,0,1,1,1,0,3,1,0,1,1,1,1,3,0,1,1,1,1,0,2,1
564,0,0,1,1,0,3,1,1,0,1,1,0,0,0,1,0,0,1,1,0,2
564,0,0,1,1,0,3,1,1,0,1,1,0,0,0,1,0,0,1,1,0,2
563,0,0,1,1,1,2,1,0,1,1,1,0,3,0,0,2,0,2,0,0,2
561,0,0,1,1,0,3,1,1,1,1,1,2,0,0,1,3,2,1,1,2,1
558,0,0,1,1,0,5,1,0,0,1,1,1,1,0,1,0,1,0,0,1,1
557,0,0,1,1,0,1,1,0,1,1,1,1,0,1,1,1,1,3,0,1,1
552,0,0,1,1,0,4,0,0,1,1,1,1,3,1,1,1,1,3,0,2,1
552,0,0,1,1,1,4,0,0,1,1,1,1,3,1,1,1,1,3,0,2,1
551,0,0,1,1,0,4,1,0,1,1,1,0,0,0,1,0,0,3,1,1,2
551,0,0,1,1,0,4,1,0,1,1,1,0,0,0,1,0,0,3,1,1,2
549,0,0,1,1,0,5,0,1,1,1,1,0,1,1,1,0,0,1,0,1,1
548,0,1,1,1,0,2,1,1,1,1,1,0,0,0,0,0,0,2,0,0,2
545,0,0,1,1,1,4,0,0,1,1,1,0,1,0,1,2,0,2,0,0,1
543,0,1,1,1,0,5,0,0,1,1,1,0,3,0,0,0,0,2,0,0,2
542,0,1,1,1,0,1,1,1,1,1,1,0,1,1,1,3,0,2,0,0,1
540,0,1,1,1,1,4,0,1,1,1,1,0,0,0,0,1,0,2,1,1,1
537,0,0,1,1,1,2,1,1,1,1,1,1,0,1,1,1,1,0,0,2,2
535,0,0,1,1,0,2,0,1,1,1,1,0,1,0,1,3,0,1,0,1,1
535,0,0,1,1,0,2,0,1,1,1,1,0,1,0,0,3,0,1,0,1,1
532,0,0,1,1,0,1,0,0,1,1,1,0,3,0,1,1,0,3,0,0,2
532,0,0,1,1,0,1,0,0,1,1,1,0,3,0,0,1,0,3,0,0,2
528,0,1,1,1,0,2,0,1,1,1,1,0,1,0,1,0,0,1,0,0,1
528,0,1,1,1,1,2,0,1,1,1,1,0,1,0,0,0,0,1,0,0,1
525,0,0,1,1,0,1,1,0,1,1,1,0,3,0,1,0,0,1,0,1,1
525,0,0,1,1,1,1,1,0,1,1,1,0,3,0,0,0,0,1,0,1,1
524,0,0,1,1,0,2,1,0,0,1,1,2,1,0,1,2,2,3,1,2,2
521,0,0,1,1,0,3,0,1,0,1,1,0,1,0,0,0,0,3,0,1,1
520,0,0,1,1,0,5,0,1,1,1,1,1,0,1,1,1,1,1,0,2,1
518,0,0,1,1,0,3,0,0,1,1,1,1,3,0,1,3,1,2,0,1,2
518,0,0,1,1,1,3,0,0,1,1,1,1,3,0,0,3,1,2,0,1,2
516,0,0,1,1,1,3,1,1,1,1,1,0,0,0,1,0,0,1,0,0,1
514,0,1,1,1,0,5,1,1,1,1,1,1,1,0,1,1,1,3,0,1,1
514,0,1,1,1,1,5,1,1,1,1,1,1,1,0,0,1,1,3,0,1,1
513,0,0,1,1,0,4,0,1,0,1,1,0,0,0,1,0,0,1,0,0,2
513,0,0,1,1,0,4,0,1,0,1,1,0,0,0,0,0,0,1,0,0,2
510,0,0,1,1,1,3,0,0,1,1,1,0,1,0,1,0,0,1,0,0,0
509,0,0,1,1,0,2,0,1,1,1,1,0,0,0,1,0,0,2,0,0,1
507,0,1,1,1,0,4,1,0,1,1,1,2,1,0,1,2,2,3,1,2,1
506,0,0,1,1,0,2,1,0,0,1,1,1,0,0,1,1,1,3,0,2,2
501,0,0,1,1,0,5,1,0,1,1,1,0,3,0,1,0,0,0,0,0,1
501,0,0,1,1,1,5,1,0,1,1,1,0,3,0,1,0,0,0,0,0,1
499,0,0,1,1,0,1,1,0,1,1,1,0,0,0,1,0,0,0,0,1,2
489,0,0,1,1,0,1,0,1,1,1,1,0,1,0,1,2,0,0,0,0,2
487,0,0,1,1,0,4,1,0,1,1,1,1,3,0,1,1,1,3,1,1,1
487,0,0,1,1,0,4,1,0,1,1,1,1,3,0,0,1,1,3,1,1,1
484,0,0,1,1,1,5,0,0,1,1,1,0,0,0,0,0,0,0,0,1,1
483,0,0,1,1,0,4,0,1,1,1,1,0,3,0,1,1,0,0,0,0,2
482,0,0,1,1,1,4,1,0,1,1,1,0,1,0,0,0,0,0,0,0,1
478,0,0,1,1,0,5,0,1,0,1,1,1,0,0,0,3,1,3,1,2,1
471,0,0,1,1,0,4,1,0,0,1,1,1,0,1,1,0,1,2,0,1,2
469,0,0,1,1,0,4,0,0,1,1,1,1,3,0,1,1,1,2,1,1,1
466,0,0,1,1,0,5,0,1,0,1,1,0,3,0,1,0,0,2,1,1,1
464,0,0,1,1,0,2,0,1,1,1,1,0,2,0,1,3,0,0,0,1,2
463,0,0,1,1,0,1,0,1,0,1,1,0,0,0,1,0,0,2,0,0,2
463,0,0,1,1,0,1,0,1,0,1,1,0,0,0,0,0,0,2,0,0,2
462,0,1,1,1,0,5,1,0,0,1,1,0,3,0,1,0,0,1,0,0,1
461,0,0,1,1,0,1,0,1,1,1,1,0,1,0,1,3,0,0,0,0,1
460,0,0,1,1,0,4,0,1,0,1,1,0,0,0,0,0,0,0,0,0,1
457,0,0,1,1,0,2,1,1,1,1,1,0,0,1,1,2,0,2,0,0,2
457,0,0,1,1,1,2,1,1,1,1,1,0,0,1,1,2,0,2,0,0,2
456,0,0,1,1,0,3,1,1,0,1,1,0,1,1,0,2,0,0,0,1,1
455,0,1,1,1,0,2,1,1,1,1,1,0,3,0,1,1,0,0,0,0,1
454,0,0,1,1,0,4,1,1,1,1,1,1,1,1,1,1,1,2,0,1,1
453,0,0,1,1,1,4,1,1,1,1,1,0,0,0,1,0,0,1,0,0,1
451,0,0,1,1,1,2,1,1,1,1,1,1,1,0,0,1,1,1,1,1,1
449,0,0,1,1,0,4,1,1,1,1,1,0,0,0,0,0,0,0,0,0,2
445,0,0,1,1,0,3,1,0,1,1,1,0,3,0,1,0,0,2,1,0,1
437,0,1,1,1,0,3,0,0,0,1,1,0,1,0,0,0,0,3,0,0,1
435,0,0,1,1,0,5,0,0,1,1,1,0,0,0,0,3,0,0,0,0,1
434,0,0,1,1,0,3,1,0,1,1,1,0,3,0,1,0,0,2,0,0,2
427,0,0,1,1,0,5,1,0,1,1,1,0,3,1,1,1,0,0,0,1,1
426,0,0,1,1,0,5,1,1,1,1,1,0,1,0,1,0,0,0,1,0,2
424,0,1,1,1,1,5,1,1,1,1,1,0,3,0,1,1,0,2,0,0,1
419,0,0,1,1,0,1,1,0,1,1,1,1,2,1,1,1,1,1,1,1,2
418,0,0,1,1,0,2,1,0,0,1,1,0,1,0,1,0,0,0,0,0,1
413,0,0,1,1,0,1,0,1,0,1,1,0,0,0,1,0,0,2,0,0,1
413,0,0,1,1,0,1,0,1,0,1,1,0,0,0,1,0,0,2,0,0,1
408,0,0,1,1,0,4,1,1,1,1,1,0,1,0,0,2,0,3,0,0,2
402,0,0,1,1,1,4,0,1,1,1,1,0,0,1,1,0,0,2,0,0,0
398,0,0,1,1,1,4,1,0,1,1,1,0,0,1,1,0,0,1,0,0,1
394,0,0,1,1,0,5,0,1,0,1,1,0,1,1,0,1,0,3,0,0,1
393,0,0,1,1,1,4,0,0,1,1,1,0,3,0,1,1,0,2,0,0,1
392,0,0,1,1,1,3,1,1,1,1,1,1,0,0,0,1,1,3,1,2,1
390,0,0,1,1,0,1,1,1,1,1,1,0,1,0,0,3,0,0,0,0,1
387,0,0,1,1,0,1,0,0,0,1,1,0,1,0,1,1,0,2,0,0,1
383,0,0,1,1,0,1,0,0,0,1,1,0,1,1,0,0,0,2,0,0,1
381,0,0,1,1,1,4,1,1,1,1,1,2,0,0,0,1,2,2,1,2,1
379,0,0,1,1,0,5,1,1,1,1,1,0,3,1,1,3,0,2,0,0,2
379,0,0,1,1,0,5,1,1,1,1,1,0,3,1,1,3,0,2,0,0,2
375,0,1,1,1,1,5,1,1,1,1,1,1,3,1,1,2,1,2,0,1,1
374,0,0,1,1,0,2,1,1,1,1,1,1,0,0,1,1,1,1,0,2,0
374,0,0,1,1,1,2,1,1,1,1,1,1,0,0,1,1,1,1,0,2,0
366,0,0,1,1,0,5,0,0,1,1,1,0,1,0,1,0,0,1,0,0,1
365,0,1,1,1,0,2,1,0,0,1,1,1,3,0,1,2,1,1,0,2,2
363,0,0,1,1,0,4,1,0,1,1,1,0,0,0,1,0,0,0,0,0,1
363,0,0,1,1,1,4,1,0,1,1,1,0,0,0,0,0,0,0,0,0,1
362,0,0,1,1,0,4,0,0,0,1,1,1,1,0,1,0,1,2,0,1,2
360,0,0,1,1,1,5,1,0,1,1,1,0,0,0,0,0,0,3,0,0,2
358,0,0,1,1,0,1,0,1,0,1,1,1,3,0,0,3,1,3,0,1,1
357,0,0,1,1,1,1,1,1,1,1,1,0,0,0,1,0,0,1,0,0,2
356,0,0,1,1,0,5,1,1,1,1,1,0,0,0,0,0,0,1,0,0,2
355,0,0,1,1,0,4,1,0,0,1,1,0,1,0,1,0,0,2,0,1,1
353,0,1,1,1,0,3,1,0,1,1,1,0,0,0,1,3,0,0,0,0,0
348,0,1,1,1,0,2,1,0,1,1,1,0,1,1,1,0,0,3,0,0,2
348,0,1,1,1,0,2,1,0,1,1,1,0,1,1,1,0,0,3,0,0,2
345,0,0,1,1,0,5,1,1,1,1,1,0,1,0,1,0,0,2,0,1,2
344,0,0,1,1,1,5,1,1,1,1,1,0,3,1,1,3,0,2,0,0,2
343,0,0,1,1,0,2,0,0,1,1,1,1,0,0,1,2,1,0,1,1,1
343,0,0,1,1,0,2,0,0,1,1,1,1,0,0,1,2,1,0,1,1,1
341,0,0,1,1,0,2,0,0,1,1,1,1,1,0,1,1,1,2,0,2,2
335,0,0,1,1,0,4,0,0,0,1,1,0,0,0,0,0,0,2,0,0,0
332,0,0,1,1,0,2,1,0,0,1,1,1,0,0,1,1,1,3,0,1,2
327,0,0,1,1,0,5,0,1,1,1,1,0,1,0,0,0,0,0,0,0,2
326,0,0,1,1,0,5,1,1,1,1,1,2,3,0,1,3,2,3,1,2,1
325,0,1,1,1,0,5,1,0,1,1,1,0,0,0,0,0,0,2,0,0,1
321,0,1,1,1,0,3,1,1,0,1,1,0,0,0,1,0,0,2,0,0,1
320,0,0,1,1,0,5,1,0,1,1,1,1,1,1,1,2,1,3,1,2,1
319,0,0,1,1,0,1,0,0,1,1,1,0,3,0,0,3,0,2,1,0,2
312,0,0,1,1,0,3,0,0,0,1,1,0,3,0,0,1,0,2,0,0,1
311,0,0,1,1,0,1,0,1,1,1,1,0,0,0,1,0,0,3,1,0,1
310,0,1,1,1,0,4,1,0,0,1,1,1,1,0,0,0,1,1,0,1,1
307,0,0,1,1,1,1,1,1,1,1,1,2,0,0,0,2,2,3,1,2,1
303,0,1,1,1,1,4,0,0,1,1,1,1,1,1,1,2,1,1,0,2,2
299,0,0,1,1,0,2,0,0,1,1,1,1,1,0,1,1,1,0,1,1,2
299,0,0,1,1,1,2,0,0,1,1,1,1,1,0,0,1,1,0,1,1,2
298,0,1,1,1,0,1,0,0,1,1,1,1,3,1,1,0,1,2,0,1,2
298,0,1,1,1,1,1,0,0,1,1,1,1,3,1,1,0,1,2,0,1,2
292,0,1,1,1,0,4,1,0,1,1,1,0,1,0,1,3,0,0,0,1,1
290,0,0,1,1,0,4,0,1,1,1,1,0,0,0,1,3,0,1,1,0,1
290,0,0,1,1,1,4,0,1,1,1,1,0,0,0,1,3,0,1,1,0,1
289,0,0,1,1,0,3,1,1,1,1,1,1,3,0,1,1,1,0,1,1,2
289,0,0,1,1,1,3,1,1,1,1,1,1,3,0,0,1,1,0,1,1,2
287,0,1,1,1,0,3,1,1,1,1,1,0,0,0,1,0,0,0,0,0,1
278,0,0,1,1,0,1,1,0,0,1,1,0,3,0,1,3,0,0,0,0,1
277,0,0,1,1,0,3,1,0,0,1,1,2,0,1,0,2,2,3,1,3,1
276,0,0,1,1,0,3,0,0,0,1,1,1,1,0,0,3,1,2,0,1,2
268,0,0,1,1,0,1,1,0,1,1,1,0,3,1,1,3,0,3,1,0,2
268,0,0,1,1,0,1,1,0,1,1,1,0,3,1,0,3,0,3,1,0,2
266,0,0,1,1,0,3,1,0,0,1,1,1,0,0,0,1,1,2,1,2,1
265,0,0,1,1,0,4,1,0,0,1,1,0,1,1,1,0,0,0,0,0,2
264,0,1,1,1,1,5,0,0,1,1,1,0,3,0,1,0,0,3,0,1,0
259,0,0,1,1,0,2,1,1,1,1,1,0,0,0,1,0,0,3,0,1,2
258,0,0,1,1,0,4,1,0,0,1,1,0,1,0,1,0,0,2,0,0,1
256,0,0,1,1,0,1,1,1,0,1,1,0,0,0,0,0,0,0,0,0,2
254,0,0,1,1,1,3,1,0,1,1,1,2,3,1,0,1,2,0,1,2,1
252,0,1,1,1,0,3,1,1,0,1,1,0,0,0,0,2,0,3,0,0,1
251,0,0,1,1,0,3,1,0,0,1,1,0,1,0,1,2,0,1,0,0,2
249,0,0,1,1,1,4,0,1,1,1,1,0,0,0,0,0,0,2,1,1,1
245,0,0,1,1,0,1,1,1,0,1,1,0,0,0,1,0,0,2,0,0,1
245,0,0,1,1,0,1,1,1,0,1,1,0,0,0,1,0,0,2,0,0,1
243,0,0,1,1,1,4,0,0,1,1,1,0,3,0,0,0,0,2,0,0,1
240,0,0,1,1,0,1,1,1,1,1,1,1,3,1,1,1,1,2,1,1,2
240,0,0,1,1,0,1,1,1,1,1,1,1,3,1,0,1,1,2,1,1,2
239,0,0,1,1,1,1,1,0,1,1,1,1,3,1,1,1,1,3,0,2,2
236,0,0,1,1,0,5,0,1,1,1,1,0,3,1,0,1,0,0,0,0,1
230,0,0,1,1,1,5,1,1,1,1,1,0,1,0,1,0,0,1,0,0,1
223,0,0,1,1,1,3,0,0,1,1,1,0,1,1,1,0,0,3,0,0,1
221,0,0,1,1,0,5,0,0,0,1,1,0,0,0,1,0,0,3,0,0,1
221,0,0,1,1,0,5,0,0,0,1,1,0,0,0,0,0,0,3,0,0,1
218,0,1,1,1,0,1,0,1,0,1,1,0,3,0,1,3,0,1,1,0,0
218,0,1,1,1,0,1,0,1,0,1,1,0,3,0,1,3,0,1,1,0,0
215,0,0,1,1,0,4,1,1,1,1,1,0,3,0,0,2,0,1,0,1,1
212,0,0,1,1,0,5,1,0,1,1,1,0,3,1,1,1,0,1,0,0,1
206,0,0,1,1,0,2,0,0,0,1,1,1,1,0,1,1,1,3,0,2,1
205,0,0,1,1,0,4,1,1,0,1,1,0,3,0,1,3,0,2,0,0,1
202,0,0,1,1,0,3,0,0,0,1,1,0,1,0,1,0,0,0,1,0,2
201,0,1,1,1,0,1,1,1,0,1,1,0,3,0,0,1,0,0,0,0,2
200,0,0,1,1,1,2,0,0,1,1,1,0,0,1,0,0,0,2,0,0,1
192,0,1,1,1,0,5,1,0,0,1,1,0,1,0,0,3,0,2,1,0,2
190,0,0,1,1,0,1,1,1,1,1,1,1,3,0,1,1,1,0,1,1,1
188,0,0,1,1,1,5,0,0,1,1,1,1,1,0,0,1,1,1,1,1,1
187,0,0,1,1,0,5,0,0,0,1,1,0,3,0,1,0,0,2,0,0,1
186,0,0,1,1,0,5,1,0,1,1,1,1,0,0,1,1,1,1,0,2,1
186,0,0,1,1,0,5,1,0,1,1,1,1,0,0,1,1,1,1,0,2,1
185,0,0,1,1,1,1,1,0,1,1,1,0,1,0,1,1,0,1,0,0,2
182,0,0,1,1,0,4,0,1,1,1,1,1,0,0,1,0,1,3,0,1,1
180,0,1,1,1,0,5,0,1,1,1,1,1,3,1,0,1,1,0,0,1,1
177,0,0,1,1,0,1,0,1,1,1,1,1,3,1,0,1,1,1,0,1,2
176,0,0,1,1,1,2,1,0,1,1,1,0,3,0,0,0,0,0,0,0,1
166,0,0,1,1,0,5,0,0,0,1,1,0,3,0,1,1,0,1,0,0,1
161,0,1,1,1,0,4,0,1,1,1,1,2,0,1,1,2,2,3,1,3,2
161,0,1,1,1,0,4,0,1,1,1,1,2,0,1,0,2,2,3,1,3,2
161,0,1,1,1,0,4,0,1,1,1,1,2,0,1,1,2,2,3,1,3,2
161,0,1,1,1,0,4,0,1,1,1,1,2,0,1,0,2,2,3,1,3,2
160,0,1,1,1,0,5,0,0,0,1,1,0,1,1,1,0,0,3,0,0,2
149,0,0,1,1,1,2,1,0,1,1,1,0,1,0,0,3,0,0,0,0,2
146,0,0,1,1,1,1,1,1,1,1,1,0,2,1,1,0,0,1,0,0,0
144,0,0,1,1,0,5,1,1,1,1,1,0,3,0,1,0,0,2,0,0,2
141,0,0,1,1,1,2,1,0,1,1,1,1,2,0,0,1,1,3,1,1,2
137,0,0,1,1,0,4,1,0,0,1,1,1,1,0,1,1,1,1,1,2,1
132,0,0,1,1,0,4,1,0,0,1,1,0,3,0,1,0,0,1,1,1,2
131,0,0,1,1,0,5,0,0,1,1,1,0,2,0,1,0,0,3,1,1,1
131,0,0,1,1,0,5,0,0,1,1,1,0,2,0,1,0,0,3,1,1,1
124,0,0,1,1,0,3,0,1,0,1,1,1,2,0,1,1,1,3,1,2,2
123,0,0,1,1,0,1,1,1,0,1,1,0,0,0,0,0,0,3,0,0,1
116,0,1,1,1,1,2,1,0,1,1,1,1,3,0,1,0,1,1,0,1,2
115,0,0,1,1,1,3,1,1,1,1,1,1,1,0,0,3,1,0,1,1,2
113,0,0,1,1,0,4,1,0,1,1,1,2,2,0,1,2,2,2,1,2,2
111,0,0,1,1,0,3,1,1,0,1,1,0,0,0,1,1,0,2,0,0,0
111,0,0,1,1,0,3,1,1,0,1,1,0,0,0,1,1,0,2,0,0,0
110,0,0,1,1,0,3,1,1,0,1,1,0,3,0,1,1,0,2,0,1,1
107,0,0,1,1,0,4,1,0,1,1,1,1,2,0,1,2,1,0,0,1,2
107,0,0,1,1,1,4,1,0,1,1,1,1,2,0,1,2,1,0,0,1,2
103,0,0,1,1,0,3,0,1,1,1,1,0,1,0,1,0,0,3,0,0,1
101,0,1,1,1,0,4,0,1,1,1,1,1,2,1,1,0,1,1,0,1,1
101,0,1,1,1,1,4,0,1,1,1,1,1,2,1,1,0,1,1,0,1,1
98,0,0,1,1,0,3,0,1,1,1,1,0,3,1,1,0,0,2,0,0,2
89,0,0,1,1,0,4,0,1,1,1,1,0,2,0,0,0,0,3,0,0,2
88,0,0,1,1,1,1,0,0,1,1,1,0,2,0,1,0,0,2,0,0,1
87,0,0,1,1,0,1,1,1,1,1,1,0,0,0,1,0,0,3,0,0,1
87,0,0,1,1,0,1,1,1,1,1,1,0,0,0,0,0,0,3,0,0,1
86,0,0,1,1,0,1,1,0,1,1,1,0,3,0,0,0,0,0,1,0,1
85,0,0,1,1,1,1,1,1,1,1,1,0,1,0,1,1,0,1,0,1,2
78,0,0,1,1,0,2,1,0,1,1,1,0,1,0,1,0,0,1,0,1,2
78,0,0,1,1,0,2,1,0,1,1,1,0,1,0,0,0,0,1,0,1,2
76,0,0,1,1,0,3,1,1,1,1,1,0,2,0,0,3,0,0,0,0,2
74,0,0,1,1,0,1,0,1,1,1,1,0,3,1,1,0,0,2,0,1,2
71,0,0,1,1,1,5,1,0,1,1,1,0,2,0,1,2,0,3,1,1,2
67,0,0,1,1,0,4,1,0,1,1,1,0,1,0,1,0,0,1,1,0,1
61,0,0,1,1,1,2,1,1,1,1,1,1,1,1,1,3,1,1,1,1,1
60,0,0,1,1,0,1,1,0,1,1,1,1,1,1,1,1,1,2,0,2,2
60,0,0,1,1,1,1,1,0,1,1,1,1,1,1,1,1,1,2,0,2,2
58,0,0,1,1,0,2,1,1,1,1,1,0,2,1,1,2,0,2,0,0,2
56,0,0,1,1,0,4,0,1,0,1,1,0,3,0,1,3,0,2,0,0,2
55,0,0,1,1,1,2,0,0,1,1,1,0,1,1,0,0,0,2,0,0,1
54,0,0,1,1,0,4,0,0,0,1,1,0,1,0,1,3,0,0,0,1,2
53,0,1,1,1,0,4,0,1,0,1,1,0,2,0,0,3,0,2,0,0,1
53,0,1,1,1,0,4,0,1,0,1,1,0,2,0,0,3,0,2,0,0,1
47,0,0,1,1,0,3,1,0,1,1,1,0,2,1,1,1,0,2,0,0,2
47,0,0,1,1,0,3,1,0,1,1,1,0,2,1,0,1,0,2,0,0,2
44,0,0,1,1,0,2,0,1,1,1,1,0,3,0,1,0,0,0,0,0,1
44,0,0,1,1,0,2,0,1,1,1,1,0,3,0,1,0,0,0,0,0,1
38,0,0,1,1,1,4,1,1,1,1,1,0,3,0,1,0,0,2,0,0,1
36,0,0,1,1,1,1,1,1,1,1,1,1,1,0,1,2,1,3,0,2,1
35,0,1,1,1,0,5,1,1,0,1,1,1,2,0,1,1,1,0,0,2,2
35,0,1,1,1,0,5,1,1,0,1,1,1,2,0,1,1,1,0,0,2,2
34,0,0,1,1,1,5,0,0,1,1,1,1,2,1,1,1,1,0,1,2,1
29,0,0,1,1,0,5,0,0,0,1,1,0,2,0,0,3,0,2,0,0,2
27,0,0,1,1,0,4,1,0,1,1,1,0,0,0,0,0,0,1,0,0,2
25,0,0,1,1,1,5,0,1,1,1,1,1,1,1,0,1,1,3,1,2,1
20,0,0,1,1,0,5,0,1,1,1,1,0,3,0,1,3,0,0,1,1,2
20,0,0,1,1,0,5,0,1,1,1,1,0,3,0,1,3,0,0,1,1,2
18,0,0,1,1,0,1,1,0,1,1,1,0,1,0,1,3,0,0,0,1,1
18,0,0,1,1,0,1,1,0,1,1,1,0,1,0,0,3,0,0,0,1,1
16,0,0,1,1,0,2,1,1,0,1,1,1,2,0,0,3,1,0,0,1,2
14,0,0,1,1,0,1,1,1,1,1,1,0,3,0,0,2,0,2,0,0,1
10,0,0,1,1,0,4,1,0,0,1,1,0,2,1,1,1,0,1,0,1,1
10,0,0,1,1,0,4,1,0,0,1,1,0,2,1,0,1,0,1,0,1,1
5,0,0,1,1,0,3,0,0,0,1,1,0,2,0,0,2,0,1,0,0,1
3,0,0,1,1,0,2,1,1,0,1,1,1,0,0,0,1,1,3,0,2,1
