no_runs,no_rbi,no_bb,yr_major,cr_runs,cr_rbi,cr_bb,logsalar,team_Baltimore,team_Boston,team_California,team_Chicago,team_Cincinnati,team_Cleveland,team_Detroit,team_Houston,team_KansasCity,team_LosAngeles,team_Milwaukee,team_Minneapolis,team_Montreal,team_NewYork,team_Oakland,team_Philadelphia,team_Pittsburgh,team_SanDiego,team_SanFrancisco,team_Seattle,team_StLouis,team_Texas,team_Toronto,league_National,division_West,position_2B,position_3B,position_C,position_CF,position_LF,position_OF,position_RF,position_SS,position_other,BA,CBA,HRR,CHRR,FP
30,29,14,1,30,29,14,4.312989395055619,0,0,0,0,0,1,0,0,0,0,0,0,0,0,0,0,0,0,0,0,0,0,0,0,0,0,0,1,0,0,0,0,0,0,0.2252559726962457,0.2252559726962457,0.0034129692832764,0.0034129692832764,0.9599198396793588
24,38,39,14,321,414,375,6.163314804,0,0,0,0,0,0,0,1,0,0,0,0,0,0,0,0,0,0,0,0,0,0,0,1,1,0,0,1,0,0,0,0,0,0,0.2571428571428571,0.2420991591765729,0.0222222222222222,0.0200057987822557,0.9854014598540146
66,72,76,3,224,266,263,6.1737861039,0,0,0,0,0,0,0,0,0,0,0,0,0,0,0,0,0,0,0,1,0,0,0,0,1,0,0,0,0,0,0,0,0,0,0.2713987473903966,0.2814039408866995,0.0375782881002087,0.0387931034482758,0.985655737704918
65,78,37,11,828,838,354,6.2146080984,0,0,0,0,0,0,0,0,0,0,0,0,1,0,0,0,0,0,0,0,0,0,0,1,0,0,0,0,0,0,0,1,0,0,0.2842741935483871,0.2798507462686567,0.0403225806451612,0.0399786780383795,0.985981308411215
39,42,30,2,48,46,33,4.5163389723,0,0,0,0,0,0,0,0,0,0,0,0,1,0,0,0,0,0,0,0,0,0,0,1,0,0,0,0,0,0,0,0,0,0,0.2710280373831775,0.255050505050505,0.0311526479750778,0.0303030303030303,0.9952885747938752
74,51,35,11,501,336,194,6.6200732065,0,0,0,0,0,0,0,0,0,0,0,0,0,0,1,0,0,0,0,0,0,0,0,0,1,0,0,0,0,0,0,0,1,0,0.2845117845117845,0.257032667876588,0.0067340067340067,0.0043103448275862,0.9656593406593408
23,8,21,2,30,9,24,4.248495242,0,0,0,0,0,0,0,0,0,0,0,0,1,0,0,0,0,0,0,0,0,0,0,1,0,1,0,0,0,0,0,0,0,0,0.2,0.1962616822429906,0.0054054054054054,0.0046728971962616,0.9666666666666668
24,24,7,3,41,37,12,4.605170186,0,0,0,0,0,0,0,0,1,0,0,0,0,0,0,0,0,0,0,0,0,0,0,0,1,0,0,0,0,0,0,0,1,0,0.2449664429530201,0.212180746561886,0.0,0.0,0.9782082324455206
26,32,8,2,32,34,8,4.3174881135,0,0,0,0,0,0,0,0,0,0,0,0,0,0,0,0,0,0,0,0,0,0,0,1,1,0,0,0,0,0,0,0,1,0,0.2507739938080495,0.252199413489736,0.0185758513931888,0.0175953079178885,0.9579646017699116
49,66,65,13,784,890,866,7.0030654588,0,0,0,0,0,1,0,0,0,0,0,0,0,0,0,0,0,0,0,0,0,0,0,0,0,0,0,0,0,0,0,0,0,1,0.2294264339152119,0.2558586246638494,0.0423940149625935,0.0485977718017671,0.0
107,75,59,10,702,504,488,6.248319432,0,0,0,0,0,0,1,0,0,0,0,0,0,0,0,0,0,0,0,0,0,0,0,0,0,0,0,0,0,0,0,0,1,0,0.2770034843205575,0.2807169077952925,0.0365853658536585,0.019434247462751,0.9687943262411348
31,26,27,9,192,186,161,6.239300711,0,0,0,0,0,0,0,0,0,1,0,0,0,0,0,0,0,0,0,0,0,0,0,1,1,0,0,1,0,0,0,0,0,0,0.2623762376237624,0.2489339019189765,0.0198019801980198,0.0079957356076759,0.9694444444444444
48,61,47,4,205,204,203,6.3099182782,0,0,0,0,0,0,0,0,0,0,0,0,0,0,0,0,0,0,0,0,1,0,0,1,0,0,0,0,0,0,0,1,0,0,0.2703349282296651,0.2592592592592592,0.0311004784688995,0.0271164021164021,0.9694323144104804
30,11,22,6,309,103,207,6.551080335,1,0,0,0,0,0,0,0,0,0,0,0,0,0,0,0,0,0,0,0,0,0,0,0,0,1,0,0,0,0,0,0,0,0,0.2510460251046025,0.2627511591962905,0.0,0.0020607934054611,0.9784172661870504
29,27,30,13,376,290,238,5.4806389233,0,0,0,0,0,0,0,0,0,0,0,0,0,0,0,0,1,0,0,0,0,0,0,1,0,0,0,0,0,0,0,0,0,1,0.2193877551020408,0.255338904363974,0.0357142857142857,0.011142061281337,0.9398496240601504
20,15,11,3,20,16,11,4.318981948863509,0,0,0,0,0,0,0,0,0,0,0,1,0,0,0,0,0,0,0,0,0,0,0,0,1,0,0,0,0,0,1,0,0,0,0.2131147540983606,0.208955223880597,0.0163934426229508,0.0149253731343283,1.0
89,75,73,15,1045,993,732,6.6528630294,0,0,0,0,1,0,0,0,0,0,0,0,0,0,0,0,0,0,0,0,0,0,0,1,1,0,1,0,0,0,0,0,0,0,0.278169014084507,0.2817302925136341,0.0352112676056338,0.0219385225582548,0.9753086419753086
24,8,15,5,65,23,39,5.1647859739,0,0,0,0,0,0,0,0,1,0,0,0,0,0,0,0,0,0,0,0,0,0,0,0,1,0,0,0,0,0,0,0,1,0,0.2421052631578947,0.2129436325678496,0.0105263157894736,0.0104384133611691,0.9457627118644067
57,43,65,12,643,658,653,6.662807906237174,0,0,0,0,0,0,0,0,0,0,0,0,0,0,1,0,0,0,0,0,0,0,0,0,1,0,0,0,0,0,0,0,0,0,0.2555282555282555,0.2824383718708197,0.0147420147420147,0.0191094974202178,0.9910802775024776
16,22,14,8,67,82,56,4.9052747784,0,0,0,0,0,0,0,0,0,0,0,0,0,0,0,0,0,1,0,0,0,0,0,1,1,0,0,1,0,0,0,0,0,0,0.2519685039370078,0.2475928473177441,0.0629921259842519,0.0330123796423658,0.991150442477876
72,48,65,1,72,48,65,4.605170186,0,0,0,0,0,0,0,0,0,0,0,0,0,0,0,0,1,0,0,0,0,0,0,1,0,0,0,0,1,0,0,0,0,0,0.2227602905569007,0.2227602905569007,0.0387409200968523,0.0387409200968523,0.9829931972789115
55,43,62,1,55,43,62,4.7449321284,0,0,0,1,0,0,0,0,0,0,0,0,0,0,0,0,0,0,0,0,0,0,0,0,1,0,0,0,0,0,0,0,0,1,0.2558685446009389,0.2558685446009389,0.0070422535211267,0.0070422535211267,0.9948051948051948
48,49,43,15,555,702,533,6.385067040886402,0,0,1,0,0,0,0,0,0,0,0,0,0,0,0,0,0,0,0,0,0,0,0,0,1,0,0,1,0,0,0,0,0,0,0.2217194570135746,0.2509194249414911,0.0158371040723981,0.0160481444332999,0.98787210584344
60,62,74,6,242,251,240,6.3969296552,0,0,0,0,0,0,0,0,0,0,0,0,0,0,0,0,0,0,1,0,0,0,0,1,1,0,0,1,0,0,0,0,0,0,0.2457627118644068,0.2541580041580041,0.0338983050847457,0.0348232848232848,0.9947916666666666
73,102,40,18,1008,1072,402,6.6550116871,0,1,0,0,0,0,0,0,0,0,0,0,0,0,0,0,0,0,0,0,0,0,0,0,0,0,0,0,0,0,0,0,0,0,0.2670906200317965,0.2924976258309592,0.0286168521462639,0.0194681861348528,0.988691437802908
92,51,70,6,442,198,317,6.6398758338,0,0,0,0,0,1,0,0,0,0,0,0,0,0,0,0,0,0,0,0,0,0,0,0,0,0,0,0,1,0,0,0,0,0,0.2776831345826235,0.2771799628942486,0.0068143100511073,0.0063079777365491,0.9932735426008968
32,18,22,7,291,108,180,6.5629143221,0,0,0,1,0,0,0,0,0,0,0,0,0,0,0,0,0,0,0,0,0,0,0,1,0,0,0,0,1,0,0,0,0,0,0.2253086419753086,0.2542723977213879,0.0123456790123456,0.0067322630761263,0.986842105263158
50,56,40,10,246,327,166,6.6200732065,0,0,0,0,1,0,0,0,0,0,0,0,0,0,0,0,0,0,0,0,0,0,0,1,1,0,0,1,0,0,0,0,0,0,0.2721518987341772,0.2591162591162591,0.0210970464135021,0.0261690261690261,0.9842995169082126
92,37,81,5,349,182,308,6.4377516497,0,0,0,0,0,0,0,1,0,0,0,0,0,0,0,0,0,0,0,0,0,0,0,1,1,1,0,0,0,0,0,0,0,0,0.2763636363636363,0.274263431542461,0.0109090909090909,0.0138648180242634,0.9736408566721582
90,95,90,14,763,734,784,6.8023947633,0,0,1,0,0,0,0,0,0,0,0,0,0,0,0,0,0,0,0,0,0,0,0,0,1,0,0,0,0,1,0,0,0,0,0.2670565302144249,0.2657181311286291,0.0389863547758284,0.0319169390501826,0.9890909090909092
42,30,39,17,1033,864,1087,6.30758799676363,0,0,1,0,0,0,0,0,0,0,0,0,0,0,0,0,0,0,0,0,0,0,0,0,1,1,0,0,0,0,0,0,0,0,0.268370607028754,0.2660377358490566,0.0287539936102236,0.032510885341074,0.9802816901408452
55,36,22,3,80,46,31,4.7004803658,0,0,0,0,0,0,0,1,0,0,0,0,0,0,0,0,0,0,0,0,0,0,0,1,1,0,0,0,1,0,0,0,0,0,0.2577565632458234,0.2521150592216582,0.0143198090692124,0.0135363790186125,0.9831223628691984
70,87,52,9,545,652,337,6.933970957994309,0,0,0,0,0,0,0,0,0,0,0,0,0,0,0,0,0,0,0,0,0,0,0,1,1,0,0,0,0,0,0,0,0,0,0.2727272727272727,0.278353402408289,0.0522243713733075,0.060207224866984,0.9946236559139784
83,80,56,5,219,208,136,6.4175489424,0,0,0,0,0,1,0,0,0,0,0,0,0,0,0,0,0,0,0,0,0,0,0,0,0,0,1,0,0,0,0,0,0,0,0.2881646655231561,0.2746051032806804,0.0291595197255574,0.0267314702308626,0.9413145539906104
23,25,12,7,126,132,66,5.7037824747,0,0,0,0,0,0,0,0,0,0,0,0,0,0,0,0,0,0,0,1,0,0,0,0,1,0,0,1,0,0,0,0,0,0,0.2401960784313725,0.2352941176470588,0.0294117647058823,0.0206264323911382,0.9893617021276596
38,60,30,14,859,803,571,6.7452363495,0,0,0,0,0,0,0,0,0,1,0,0,0,0,0,0,0,0,0,0,0,0,0,1,1,0,1,0,0,0,0,0,0,0,0.2796833773087071,0.3070726599001128,0.0263852242744063,0.023521830191719,0.9097744360902256
19,10,17,4,156,86,107,5.520915480020476,0,0,0,0,0,0,0,0,0,0,0,0,0,1,0,0,0,0,0,0,0,0,0,0,0,0,0,0,0,0,0,0,1,0,0.2236024844720497,0.231718898385565,0.0,0.0028490028490028,0.948051948051948
24,25,15,2,34,29,18,4.4998096703,0,0,0,0,0,0,0,0,0,0,0,0,0,0,0,0,0,0,1,0,0,0,0,1,1,0,0,1,0,0,0,0,0,0,0.2238805970149253,0.2228571428571428,0.0186567164179104,0.0142857142857142,0.9881656804733728
31,53,30,16,784,901,560,6.076663672241594,0,0,0,0,0,0,0,0,0,0,1,0,0,0,0,0,0,0,0,0,0,0,0,0,0,0,0,0,0,0,0,0,0,1,0.2832369942196532,0.2731270082868256,0.0144508670520231,0.0397429392863182,0.0
34,12,14,1,34,12,14,4.373177260653056,0,0,0,0,0,0,0,0,0,0,0,0,0,0,0,0,0,1,0,0,0,0,0,1,1,1,0,0,0,0,0,0,0,0,0.2531120331950207,0.2531120331950207,0.0041493775933609,0.0041493775933609,0.971264367816092
15,21,33,2,20,29,45,4.2121275979,0,0,0,0,0,0,0,0,0,0,1,0,0,0,0,0,0,0,0,0,0,0,0,0,0,0,0,0,0,0,0,0,0,0,0.2265193370165746,0.2155172413793103,0.005524861878453,0.0172413793103448,0.9861111111111112
21,18,15,18,796,627,483,5.874529657811687,0,0,0,0,0,0,0,0,0,1,0,0,0,0,0,0,0,0,0,0,0,0,0,1,1,0,0,0,0,0,0,0,0,1,0.25,0.2631866630226838,0.0,0.0062858704564088,0.9739583333333334
23,14,14,9,371,230,195,6.154276296434692,0,0,0,0,0,0,0,0,0,0,0,0,0,0,0,0,0,0,0,0,0,0,0,1,1,0,0,0,0,0,1,0,0,0,0.285,0.2718600953895072,0.03,0.0182829888712241,0.9859154929577464
32,19,9,4,86,76,32,5.1929568509,0,0,0,0,0,0,0,0,0,0,1,0,0,0,0,0,0,0,0,0,0,0,0,0,0,0,0,0,0,0,0,0,0,1,0.2119815668202765,0.2305475504322766,0.032258064516129,0.0461095100864553,0.996996996996997
19,29,30,11,486,493,608,6.117028743872923,0,0,0,0,0,0,0,0,0,0,0,0,0,1,0,0,0,0,0,0,0,0,0,0,0,0,0,1,0,0,0,0,0,0,0.2061855670103092,0.2555582118097059,0.0360824742268041,0.0153000239062873,0.994269340974212
28,26,22,6,108,117,118,5.7203117766,0,0,0,0,0,1,0,0,0,0,0,0,0,0,0,0,0,0,0,0,0,0,0,0,0,0,0,1,0,0,0,0,0,0,0.2677165354330709,0.2362362362362362,0.0078740157480314,0.021021021021021,0.989821882951654
57,49,33,3,113,121,80,5.3706380281,0,0,0,0,0,0,0,0,0,0,0,0,0,0,0,0,0,0,1,0,0,0,0,1,1,0,1,0,0,0,0,0,0,0,0.3173076923076923,0.2929184549356223,0.016826923076923,0.0257510729613733,0.9328358208955224
34,32,9,5,117,107,51,5.511410582,0,0,0,0,0,1,0,0,0,0,0,0,0,0,0,0,0,0,0,0,0,0,0,0,0,0,0,0,0,0,0,0,0,1,0.2780487804878049,0.2539682539682539,0.0390243902439024,0.0423280423280423,0.9393939393939394
46,75,41,16,987,1089,431,6.815252126022424,0,0,0,0,0,0,0,0,0,0,1,0,0,0,0,0,0,0,0,0,0,0,0,0,0,0,0,0,0,0,0,0,0,0,0.2583025830258302,0.3000422594731652,0.022140221402214,0.0331032539794337,0.9882659713168188
71,70,84,6,352,342,289,6.7031881132,0,0,0,0,0,0,0,0,0,0,0,0,0,0,0,0,0,0,1,0,0,0,0,1,1,0,0,0,0,0,0,1,0,0,0.2775665399239543,0.2700151057401813,0.0247148288973384,0.0290785498489426,0.97196261682243
42,63,22,17,1003,977,619,6.7742238864,0,0,0,1,0,0,0,0,0,0,0,0,0,0,0,0,0,0,0,0,0,0,0,0,1,0,0,1,0,0,0,0,0,0,0.2210065645514223,0.2709707100138016,0.0306345733041575,0.0430915503757092,0.9907407407407408
30,29,23,2,32,32,27,4.248495242,0,0,0,0,0,0,0,0,0,0,0,0,0,0,0,0,0,0,0,0,1,0,0,1,0,0,0,0,0,0,1,0,0,0,0.2476635514018691,0.2610619469026549,0.0093457943925233,0.0088495575221238,0.9747899159663864
48,55,52,15,539,699,568,6.535683937948425,0,0,0,0,0,0,0,0,0,0,0,0,0,0,0,0,0,0,0,0,0,0,1,0,0,0,0,0,0,0,0,0,0,1,0.25,0.2575411913814955,0.0446428571428571,0.0496831432192648,1.0
80,72,39,9,634,563,319,7.0900768358,0,0,0,0,0,0,0,0,0,0,0,0,0,0,1,0,0,0,0,0,0,0,0,0,1,0,1,0,0,0,0,0,0,0,0.2842639593908629,0.2918713711478338,0.0321489001692047,0.0252344796784278,0.981651376146789
45,53,39,12,747,666,526,6.5147126909,0,0,0,0,0,0,1,0,0,0,0,0,0,0,0,0,0,0,0,0,0,0,0,0,0,0,0,0,1,0,0,0,0,0,0.2506203473945409,0.2774757281553398,0.0297766749379652,0.0322330097087378,0.9847094801223242
49,85,20,6,99,138,64,6.0282785202,0,0,0,0,0,0,0,0,0,0,0,0,0,0,0,0,0,0,1,0,0,0,0,1,1,0,0,0,0,0,1,0,0,0,0.2518518518518518,0.2431578947368421,0.0444444444444444,0.0305263157894736,0.9827586206896552
28,25,35,4,164,179,194,5.8289456176,0,0,0,0,0,0,0,0,0,0,0,0,0,0,0,0,0,1,0,0,0,0,0,1,1,0,0,0,0,0,0,0,0,1,0.2377049180327868,0.249438202247191,0.0368852459016393,0.0367041198501872,0.9873417721518988
24,39,21,14,441,401,333,6.148875107581568,0,0,0,0,0,0,0,0,0,0,1,0,0,0,0,0,0,0,0,0,0,0,0,0,0,0,0,1,0,0,0,0,0,0,0.2595744680851063,0.2620988283239939,0.0127659574468085,0.0089149261334691,0.9915254237288136
32,41,12,12,409,321,170,6.0322873416,0,0,0,0,0,0,0,1,0,0,0,0,0,0,0,0,0,0,0,0,0,0,0,1,1,0,0,0,0,0,0,0,1,0,0.2492012779552715,0.2586851950828434,0.0191693290734824,0.0093532870122928,0.9780564263322884
98,81,70,6,529,472,313,7.2078598714,1,0,0,0,0,0,0,0,0,0,0,0,0,0,0,0,0,0,0,0,0,0,0,0,0,0,0,0,0,0,0,0,1,0,0.2822966507177033,0.288785046728972,0.0398724082934609,0.0414330218068535,0.982312925170068
58,69,16,1,58,69,16,4.4998096703,0,0,0,0,0,1,0,0,0,0,0,0,0,0,0,0,0,0,0,0,0,0,0,0,0,0,0,0,0,0,0,0,0,1,0.2716346153846153,0.2716346153846153,0.0576923076923076,0.0576923076923076,0.9646643109540636
21,23,15,16,698,661,777,5.6167710977,0,0,0,1,0,0,0,0,0,0,0,0,0,0,0,0,0,0,0,0,0,0,0,1,0,0,0,0,0,0,0,0,0,1,0.2838709677419355,0.2464183381088825,0.0387096774193548,0.0147790680138742,0.9791666666666666
27,15,11,4,116,64,57,5.4380793089,0,0,0,0,0,0,0,0,0,0,0,0,0,0,0,0,0,0,0,0,0,1,0,0,1,0,0,0,0,0,0,0,0,1,0.2372881355932203,0.242152466367713,0.0,0.000896860986547,0.9614243323442137
31,15,22,4,118,69,114,5.4161004022,0,0,0,0,0,0,0,0,0,1,0,0,0,0,0,0,0,0,0,0,0,0,0,1,1,0,0,0,0,0,0,0,0,1,0.2453703703703703,0.2267818574514039,0.0046296296296296,0.009719222462203,0.9533898305084746
25,19,27,19,964,1013,762,6.318352433183839,0,0,0,0,0,0,0,0,0,0,0,0,0,0,1,0,0,0,0,0,0,0,0,0,1,0,0,0,0,0,1,0,0,0,0.2396694214876033,0.2783476183785303,0.0165289256198347,0.0340030911901081,1.0
93,94,62,17,1141,1179,727,6.8564619846,0,1,0,0,0,0,0,0,0,0,0,0,0,0,0,0,0,0,0,0,0,0,0,0,0,0,0,0,0,0,0,0,0,1,0.2376068376068376,0.2626557116353035,0.0529914529914529,0.0417439703153988,0.0
12,17,14,4,61,74,52,4.894132499872074,0,0,0,0,0,0,0,0,0,0,0,0,1,0,0,0,0,0,0,0,0,0,0,1,0,0,0,1,0,0,0,0,0,0,0.193717277486911,0.2108667529107374,0.0209424083769633,0.0206985769728331,0.9816933638443937
29,22,21,3,57,40,39,4.3174881135,0,0,0,1,0,0,0,0,0,0,0,0,0,0,0,0,0,0,0,0,0,0,0,0,1,0,0,0,1,0,0,0,0,0,0.2663316582914573,0.2334630350194552,0.0251256281407035,0.0155642023346303,0.96875
67,86,45,4,99,103,78,4.6539603502,0,0,0,0,0,0,1,0,0,0,0,0,0,0,0,0,0,0,0,0,0,0,0,0,0,0,1,0,0,0,0,0,0,0,0.272552783109405,0.2515337423312883,0.0383877159309021,0.0269938650306748,0.9381720430107529
44,27,44,12,612,344,422,6.2917157160249,0,0,0,0,0,0,1,0,0,0,0,0,0,0,0,0,0,0,0,0,0,0,0,0,0,0,0,0,0,1,0,0,0,0,0.269689737470167,0.2745316681534344,0.0023866348448687,0.0071364852809991,0.9953271028037384
42,30,26,17,950,909,690,5.7683209958,0,0,0,0,1,0,0,0,0,0,0,0,0,0,0,0,0,0,0,0,0,0,0,1,1,0,0,0,0,0,0,0,0,1,0.2604501607717042,0.2665211592094095,0.0096463022508038,0.0121256214380987,0.9740932642487048
18,21,38,3,33,32,55,4.465546901174261,0,0,0,0,0,0,0,0,0,0,0,0,0,0,0,1,0,0,0,0,0,0,0,1,0,0,0,1,0,0,0,0,0,0,0.2246376811594203,0.2172131147540983,0.0579710144927536,0.0491803278688524,0.9851301115241636
69,96,52,14,712,815,548,6.7452363495,0,0,1,0,0,0,0,0,0,0,0,0,0,0,0,0,0,0,0,0,0,0,0,0,1,0,1,0,0,0,0,0,0,0,0.255859375,0.261268000748083,0.05078125,0.0413315878062464,0.9654178674351584
78,85,91,18,1175,1152,1380,6.2822667469,0,0,0,0,0,0,1,0,0,0,0,0,0,0,0,0,0,0,0,0,0,0,0,0,0,0,0,0,0,0,0,0,0,0,0.2406311637080868,0.2508697332817935,0.0571992110453648,0.0447107331529442,0.9978213507625272
86,97,97,15,1082,949,989,6.8387620504,0,1,0,0,0,0,0,0,0,0,0,0,0,0,0,0,0,0,0,0,0,0,0,0,0,0,0,0,0,0,0,1,0,0,0.2589792060491493,0.2679777811139469,0.0491493383742911,0.0436871340639543,0.9830508474576272
57,46,13,9,461,301,112,6.7452363495,0,0,0,0,0,0,0,0,0,0,0,0,0,0,0,0,0,0,0,0,0,0,1,0,0,1,0,0,0,0,0,0,0,0,0.2806603773584906,0.2864968501780334,0.0141509433962264,0.0087647219939742,0.9845559845559846
55,29,39,4,196,110,117,5.3471075307,0,0,0,0,0,0,0,0,0,0,0,0,0,0,0,0,0,0,1,0,0,0,0,1,1,0,0,0,1,0,0,0,0,0,0.2763532763532763,0.28060413354531,0.0113960113960113,0.012718600953895,0.9872881355932204
24,33,30,8,144,149,153,5.827994228237499,0,0,0,0,0,0,0,0,0,0,0,0,0,1,0,0,0,0,0,0,0,0,0,1,0,0,0,0,0,0,1,0,0,0,0.282051282051282,0.2574257425742574,0.0256410256410256,0.019040365575019,0.9883720930232558
59,47,39,6,285,274,186,5.7838251823,0,0,0,0,0,0,0,0,0,0,0,0,0,0,0,0,0,0,0,1,0,0,0,0,1,0,0,0,0,0,1,0,0,0,0.2654639175257732,0.2552897884084636,0.0386597938144329,0.0367985280588776,0.9794871794871794
37,29,23,4,123,108,55,5.6167710977,0,0,0,0,0,0,0,0,0,0,0,0,0,0,1,0,0,0,0,0,0,0,0,0,1,0,0,0,0,0,0,0,0,1,0.2831858407079646,0.2725563909774436,0.0117994100294985,0.0103383458646616,0.97239263803681
70,94,33,16,901,1210,608,6.520862196651167,0,0,0,0,0,0,0,0,0,0,0,0,0,0,1,0,0,0,0,0,0,0,0,0,1,0,0,0,0,0,0,0,0,1,0.2103386809269162,0.235884379212221,0.0623885918003565,0.0661973940392391,0.9840954274353876
49,35,43,15,1019,608,820,6.1092475828,0,0,0,1,0,0,0,0,0,0,0,0,0,0,0,0,0,0,0,0,0,0,0,1,0,0,0,0,0,0,0,0,0,1,0.2745098039215686,0.2631912533671367,0.0274509803921568,0.0244018380605292,0.9292035398230089
117,113,53,5,349,401,171,7.5883236773,0,0,0,0,0,0,0,0,0,0,0,0,0,1,0,0,0,0,0,0,0,0,0,0,0,0,0,0,0,0,0,0,0,0,0.3515509601181684,0.3315339631129105,0.0457902511078286,0.0418353576248313,0.9959541469993256
23,20,12,5,156,158,67,5.612859757395766,0,0,0,0,0,0,0,0,1,0,0,0,0,0,0,0,0,0,0,0,0,0,0,0,1,0,0,0,0,0,0,1,0,0,0.2026431718061674,0.2445283018867924,0.0308370044052863,0.0332075471698113,0.9791666666666666
89,83,75,11,813,822,617,7.5496091652,0,0,0,0,0,0,0,0,0,0,0,0,0,0,0,0,0,0,0,0,0,0,0,1,1,0,0,0,1,0,0,0,0,0,0.265472312703583,0.2766593581821805,0.0472312703583061,0.0530197329081124,0.9809523809523808
50,39,56,9,575,528,635,6.3969296552,0,0,0,0,0,0,0,0,0,0,0,0,0,0,1,0,0,0,0,0,0,0,0,0,1,0,0,0,1,0,0,0,0,0,0.2522796352583586,0.2476489028213166,0.0273556231003039,0.0378787878787878,0.9929577464788732
89,116,56,14,978,1093,495,6.9485775935,0,0,0,0,1,0,0,0,0,0,0,0,0,0,0,0,0,0,0,0,0,0,0,1,1,0,0,0,0,0,0,1,0,0,0.2731554160125589,0.3008770625836182,0.0486656200941915,0.036717704771815,0.9695945945945946
44,45,47,2,61,70,63,4.7004803658,0,0,0,0,0,0,0,0,0,0,0,0,0,1,0,0,0,0,0,0,0,0,0,0,0,0,0,0,0,1,0,0,0,0,0.2928571428571428,0.264018691588785,0.0571428571428571,0.058411214953271,0.987012987012987
21,29,22,16,746,805,875,5.560681631,0,0,0,0,0,0,0,0,0,0,0,0,0,0,0,0,0,0,0,0,0,1,0,0,1,0,0,0,0,0,0,0,0,1,0.2645161290322581,0.2473655019412091,0.0774193548387096,0.0334627472730634,0.9942857142857144
67,57,48,4,160,123,122,6.163314804,0,0,1,0,0,0,0,0,0,0,0,0,0,0,0,0,0,0,0,0,0,0,0,0,1,0,0,0,0,0,0,0,1,0,0.2489082969432314,0.2207407407407407,0.0283842794759825,0.0207407407407407,0.9724349157733536
39,46,16,5,156,159,76,6.0672675105,0,0,0,0,0,0,0,0,0,0,0,0,0,0,0,0,0,0,0,0,0,1,0,0,1,0,0,1,0,0,0,0,0,0,0.2643312101910828,0.2779684282772821,0.0414012738853503,0.0192175703500343,0.9930675909878682
76,93,72,4,292,343,267,7.1066061377,0,0,0,0,0,0,0,0,0,0,0,0,0,1,0,0,0,0,0,0,0,0,0,1,0,0,0,0,0,0,0,1,0,0,0.2589473684210526,0.2602209944751381,0.0568421052631578,0.0596685082872928,0.975206611570248
35,35,32,1,35,35,32,4.248495242,0,0,0,0,0,0,0,0,0,0,1,0,0,0,0,0,0,0,0,0,0,0,0,0,0,0,1,0,0,0,0,0,0,0,0.2460567823343848,0.2460567823343848,0.0220820189274447,0.0220820189274447,0.8652849740932642
76,96,61,3,87,110,71,4.9767337424,0,0,0,0,0,0,0,0,0,0,0,0,0,0,0,0,0,0,0,1,0,0,0,0,1,0,0,0,0,0,0,1,0,0,0.2700587084148728,0.277027027027027,0.0489236790606653,0.0472972972972973,0.9534883720930232
24,21,29,8,258,192,162,6.283457594487622,0,0,0,0,0,0,0,1,0,0,0,0,0,0,0,0,0,0,0,0,0,0,0,1,1,0,0,0,0,0,0,0,1,0,0.2482014388489208,0.2717652717652717,0.0107913669064748,0.0153920153920153,0.9723756906077348
54,58,36,12,287,294,227,6.3885614055,0,0,0,0,0,0,0,1,0,0,0,0,0,0,0,0,0,0,0,0,0,0,0,1,1,0,1,0,0,0,0,0,0,0,0.3115183246073298,0.2784810126582278,0.0340314136125654,0.0192217533989685,0.9598214285714286
90,104,77,14,1135,1234,791,7.529116405,0,0,0,0,0,0,0,0,0,0,0,0,0,1,0,0,0,0,0,0,0,0,0,0,0,0,0,0,0,0,0,1,0,0,0.2619469026548672,0.2858515163990668,0.0424778761061946,0.0418553588582407,0.9836601307189542
27,29,14,15,753,596,259,6.197467749779209,0,0,0,0,0,0,0,0,0,1,0,0,0,0,0,0,0,0,0,0,0,0,0,1,1,0,0,0,0,0,0,0,0,0,0.2563176895306859,0.2767137096774194,0.0072202166064981,0.0100806451612903,0.9874055415617128
97,71,68,3,156,119,99,5.7037824747,0,0,0,0,1,0,0,0,0,0,0,0,0,0,0,0,0,0,0,0,0,0,0,1,1,0,0,0,0,1,0,0,0,0,0.2771084337349397,0.2587904360056259,0.0650602409638554,0.0632911392405063,0.9752650176678446
70,47,36,7,335,174,258,6.1944053911,0,0,0,0,1,0,0,0,0,0,0,0,0,0,0,0,0,0,0,0,0,0,0,1,1,0,0,0,1,0,0,0,0,0,0.2594339622641509,0.2553990610328638,0.035377358490566,0.0178403755868544,0.9900332225913622
61,84,78,10,884,1015,709,7.8079166289,1,0,0,0,0,0,0,0,0,0,0,0,0,0,0,0,0,0,0,0,0,0,0,0,0,0,0,0,0,0,0,0,0,0,0.305050505050505,0.2985419630156472,0.0343434343434343,0.0488975817923186,0.9886561954624782
69,47,54,2,123,92,90,5.217550695612867,0,0,0,0,0,0,0,0,0,0,1,0,0,0,0,0,0,0,0,0,0,0,0,0,0,0,0,0,0,0,0,0,1,0,0.2519083969465648,0.2674897119341564,0.0171755725190839,0.0144032921810699,0.964221824686941
41,23,18,8,166,122,106,5.926926026,0,1,0,0,0,0,0,0,0,0,0,0,0,0,0,0,0,0,0,0,0,0,0,0,0,0,0,0,0,0,0,0,1,0,0.2103004291845493,0.2488888888888888,0.0085836909871244,0.0051851851851851,0.9590163934426228
48,56,35,10,266,323,248,6.287598915231664,0,0,0,0,0,0,0,0,0,0,0,0,0,0,0,0,0,0,0,0,0,0,1,0,0,0,0,1,0,0,0,0,0,0,0.2683544303797468,0.247937472861485,0.040506329113924,0.0373425966131133,0.9907529722589168
67,67,53,13,906,926,716,7.07453152329777,1,0,0,0,0,0,0,0,0,0,0,0,0,0,0,0,0,0,0,0,0,0,0,0,0,0,0,0,1,0,0,0,0,0,0.2871536523929471,0.2920021470746108,0.0579345088161209,0.0431204151010914,0.984
15,19,15,6,107,114,53,5.447538276957374,1,0,0,0,0,0,0,0,0,0,0,0,0,0,0,0,0,0,0,0,0,0,0,0,0,0,1,0,0,0,0,0,0,0,0.1761904761904762,0.2454728370221328,0.0380952380952381,0.0362173038229376,0.9117647058823528
55,58,37,3,77,77,61,4.969784993077122,0,0,0,0,0,0,0,0,0,1,0,0,0,0,0,0,0,0,0,0,0,0,0,1,1,0,0,0,0,1,0,0,0,0,0.2261904761904762,0.2151702786377708,0.0547619047619047,0.0479876160990712,0.968609865470852
76,84,43,14,743,693,300,6.6200732065,0,0,0,0,0,0,0,0,1,0,0,0,0,0,0,0,0,0,0,0,0,0,0,0,1,1,0,0,0,0,0,0,0,0,0.2720848056537102,0.2595081967213115,0.03886925795053,0.0214754098360655,0.9869281045751634
101,108,41,5,297,319,117,7.0690234266,0,0,0,0,0,0,0,0,0,0,0,0,0,0,0,0,0,0,0,0,0,0,1,0,0,0,0,0,0,1,0,0,0,0,0.3088923556942278,0.2865194927195866,0.0483619344773791,0.0432127759511507,0.9662162162162162
19,18,11,1,19,18,11,4.248495242,0,0,0,0,0,0,0,0,0,0,1,0,0,0,0,0,0,0,0,0,0,0,0,0,0,0,0,0,0,1,0,0,0,0,0.2372093023255814,0.2372093023255814,0.0186046511627906,0.0186046511627906,0.9097744360902256
70,73,80,14,1072,1050,695,7.3132203871,0,0,0,0,0,0,0,0,1,0,0,0,0,0,0,0,0,0,0,0,0,0,0,0,1,0,1,0,0,0,0,0,0,0,0.2902494331065759,0.3138576779026217,0.0362811791383219,0.0313108614232209,0.9516616314199396
33,52,37,5,195,219,214,5.9532433343,0,0,0,0,0,0,0,0,0,1,0,0,0,0,0,0,0,0,0,0,0,0,0,1,1,0,0,0,0,0,0,0,0,0,0.2338461538461538,0.2330677290836653,0.0492307692307692,0.047144754316069,0.9963235294117648
81,105,62,13,847,999,680,7.5629778261,0,0,0,0,0,0,0,0,0,0,0,0,0,1,0,0,0,0,0,0,0,0,0,1,0,0,0,1,0,0,0,0,0,0,0.2551020408163265,0.2714827643080983,0.0489795918367346,0.0446973445489031,0.9914802981895634
91,101,64,3,148,173,95,5.3706380281,0,0,0,0,0,0,0,1,0,0,0,0,0,0,0,0,0,0,0,0,0,0,0,1,1,0,0,0,0,0,0,0,0,0,0.2648083623693379,0.2639593908629442,0.0540069686411149,0.0538071065989847,0.992
30,42,24,18,986,1239,666,6.227932546590215,0,0,0,0,0,0,0,0,0,0,0,0,0,1,0,0,0,0,0,0,0,0,0,1,0,0,0,0,0,1,0,0,0,0,0.2253521126760563,0.274099387726043,0.0492957746478873,0.0495514737291755,0.9615384615384616
91,108,52,6,361,401,224,6.8023947633,0,0,0,0,0,0,0,0,0,0,0,1,0,0,0,0,0,0,0,0,0,0,0,0,1,0,1,0,0,0,0,0,0,0,0.2869127516778523,0.2543675751222921,0.0570469798657718,0.0373864430468204,0.955602536997886
63,54,30,4,102,80,50,5.0434251169,0,0,0,0,0,0,0,0,0,0,0,1,0,0,0,0,0,0,0,0,0,0,0,0,1,0,0,0,0,0,0,0,1,0,0.25,0.2358133669609079,0.0254237288135593,0.0176544766708701,0.9587955625990492
45,47,26,16,915,1067,546,6.551080335,0,0,1,0,0,0,0,0,0,0,0,0,0,0,0,0,0,0,0,0,0,0,0,0,1,0,0,0,0,0,1,0,0,0,0.2720848056537102,0.2792397660818713,0.0494699646643109,0.0378654970760233,0.967741935483871
42,36,66,9,429,365,410,6.2822667469,0,0,0,0,0,0,0,0,0,0,0,0,0,0,0,0,0,0,0,0,0,0,0,1,1,1,0,0,0,0,0,0,0,0,0.230392156862745,0.2423733557234816,0.0098039215686274,0.0165127343968653,0.9758883248730964
30,44,20,8,216,208,93,5.8930244743,0,0,0,0,0,0,0,0,0,0,0,0,0,0,0,0,0,0,0,0,0,0,1,0,0,0,0,0,0,0,0,0,0,1,0.2599388379204893,0.2654205607476635,0.0091743119266055,0.0074766355140186,0.9583333333333334
49,46,60,15,1070,955,921,6.5975998961,0,0,0,1,0,0,0,0,0,0,0,0,0,0,0,0,0,0,0,0,0,0,0,1,0,0,0,0,0,1,0,0,0,0,0.2594594594594595,0.2822788434010879,0.0567567567567567,0.033066132264529,0.9403973509933776
36,55,41,20,1172,1267,1057,5.2983173665,0,0,0,0,0,0,0,0,0,0,0,0,0,0,0,0,0,1,0,0,0,0,0,1,1,0,1,0,0,0,0,0,0,0,0.2175141242937853,0.2491968793024323,0.0451977401129943,0.044056906837999,0.9413919413919414
93,58,69,5,247,126,198,5.9914645471,0,0,1,0,0,0,0,0,0,0,0,0,0,0,0,0,0,0,0,0,0,0,0,0,1,0,0,0,1,0,0,0,0,0,0.2578849721706864,0.2511912865895166,0.0092764378478664,0.0081688223281143,0.9853556485355648
62,33,47,5,284,141,219,5.9914645471,0,0,0,0,0,0,0,0,0,0,0,0,0,0,0,1,0,0,0,0,0,0,0,1,0,0,0,0,0,1,0,0,0,0,0.2470588235294117,0.2480211081794195,0.0323529411764705,0.0277044854881266,0.9796954314720812
42,44,35,11,703,519,256,6.6032660882,0,0,0,0,0,0,0,0,0,0,0,0,0,0,0,0,0,1,0,0,0,0,0,1,1,0,0,0,0,0,0,0,1,0,0.2470588235294117,0.2837108953613808,0.0039215686274509,0.007910823444804,0.9658119658119658
45,36,58,13,681,782,697,6.3262508512496565,0,0,0,0,0,0,0,0,0,0,0,0,0,0,0,0,0,0,0,1,0,0,0,0,1,0,0,0,0,0,0,0,0,1,0.1873015873015873,0.2247166987385075,0.0507936507936507,0.0573016891169553,0.0
37,51,29,5,211,280,138,6.2146080984,0,0,0,1,0,0,0,0,0,0,0,0,0,0,0,0,0,0,0,0,0,0,0,0,1,0,0,0,0,0,0,0,0,0,0.2765957446808511,0.2747119466343238,0.0460992907801418,0.0442692540933899,0.993169398907104
54,51,31,8,444,419,240,6.3969296552,0,0,0,0,0,0,0,0,0,0,0,0,0,0,0,0,0,0,0,0,0,1,0,0,1,0,0,0,0,1,0,0,0,0,0.3157894736842105,0.2886465683130211,0.0131578947368421,0.0295060936497754,0.9959349593495936
70,84,42,5,265,316,134,6.4960205579,0,0,0,0,0,0,0,0,0,0,0,0,0,0,0,1,0,0,0,0,0,0,0,1,0,0,0,0,0,0,0,1,0,0,0.2705479452054795,0.2697201017811705,0.0256849315068493,0.0245971162001696,0.9887323943661972
72,88,38,7,492,589,263,6.8564619846,0,0,0,1,0,0,0,0,0,0,0,0,0,0,0,0,0,0,0,0,0,0,0,0,1,0,0,0,0,0,0,1,0,0,0.2964912280701754,0.2868939797549281,0.0368421052631578,0.0372935535428875,0.984126984126984
50,58,25,7,313,377,187,6.6200732065,0,0,0,0,0,0,0,0,0,0,0,0,1,0,0,0,0,0,0,0,0,0,0,1,0,0,0,0,0,0,0,0,1,0,0.3398692810457516,0.2782667569397427,0.0457516339869281,0.0186188219363574,0.9575070821529744
30,39,31,5,145,154,128,5.695414225,0,0,0,0,0,0,0,0,0,0,0,0,0,1,0,0,0,0,0,0,0,0,0,1,0,0,0,0,0,0,0,0,0,1,0.2454545454545454,0.2523206751054852,0.0454545454545454,0.0337552742616033,0.9029126213592232
22,37,18,18,935,1088,643,5.7838251823,0,0,0,0,0,0,0,0,1,0,0,0,0,0,0,0,0,0,0,0,0,0,0,0,1,0,0,0,0,0,0,0,0,1,0.2517985611510791,0.2895908711383245,0.0251798561151079,0.0264403005844698,0.0
46,24,29,4,72,31,48,4.4716387934,0,0,0,0,0,0,0,0,0,0,0,0,0,0,0,0,0,0,0,1,0,0,0,0,1,1,0,0,0,0,0,0,0,0,0.2224719101123595,0.2087378640776699,0.0022471910112359,0.0016181229773462,0.9774330042313116
18,30,15,9,80,97,61,5.1647859739,0,0,0,0,0,0,0,0,0,0,0,0,0,0,0,0,0,0,1,0,0,0,0,1,1,0,0,0,0,0,0,0,0,0,0.2727272727272727,0.2363067292644757,0.0349650349650349,0.0250391236306729,0.9935064935064936
23,11,18,3,58,37,47,4.4998096703,0,0,0,0,0,0,0,0,0,0,0,0,1,0,0,0,0,0,0,0,0,0,0,1,0,0,0,0,0,0,1,0,0,0,0.2162162162162162,0.2385496183206107,0.0216216216216216,0.0133587786259541,0.9801980198019802
107,108,69,6,371,376,238,7.1208484944,0,0,0,0,0,0,0,0,0,0,0,0,0,0,0,0,0,0,0,0,0,0,1,0,0,0,0,0,0,0,0,1,0,0,0.2886247877758913,0.2726881720430107,0.0679117147707979,0.0550537634408602,0.9923273657289002
48,36,40,15,581,421,325,6.0637852087,1,0,0,0,0,0,0,0,0,0,0,0,0,0,0,0,0,0,0,0,0,0,0,0,0,0,0,0,0,0,0,0,0,1,0.3002915451895043,0.2750115260488704,0.0174927113702623,0.016136468418626,0.9535714285714286
33,18,25,5,139,98,111,5.527320564209444,1,0,0,0,0,0,0,0,0,0,0,0,0,0,0,0,0,0,0,0,0,0,0,0,0,1,0,0,0,0,0,0,0,0,0.2429577464788732,0.2565742714996446,0.0035211267605633,0.0042643923240938,0.9812734082397004
65,32,71,2,67,32,71,4.605170186,0,0,0,1,0,0,0,0,0,0,0,0,0,0,0,0,0,0,0,0,0,0,0,0,1,0,0,0,0,1,0,0,0,0,0.2351598173515981,0.2340909090909091,0.0045662100456621,0.0045454545454545,0.9691780821917808
85,117,65,2,101,130,69,5.1059454739,0,0,0,0,0,0,0,0,0,0,0,0,0,0,1,0,0,0,0,0,0,0,0,0,1,0,0,0,0,1,0,0,0,0,0.24,0.2485632183908045,0.055,0.0545977011494252,0.9584569732937686
108,121,32,4,210,222,68,5.5214609179,0,0,0,0,0,1,0,0,0,0,0,0,0,0,0,0,0,0,0,0,0,0,0,0,0,0,0,0,0,0,0,1,0,0,0.3016591251885369,0.2791983413959917,0.0437405731523378,0.0393918451969592,0.976470588235294
34,23,45,12,702,705,625,7.1701195434,0,0,0,0,0,0,0,0,0,0,0,0,0,0,0,0,0,0,0,0,1,0,0,1,0,0,0,0,0,0,0,0,0,0,0.2370689655172413,0.2753688989784336,0.0387931034482758,0.0440408626560726,0.9954614220877458
48,72,55,17,980,1032,854,6.650709745,0,0,0,0,0,0,0,1,0,0,0,0,0,0,0,0,0,0,0,0,0,0,0,1,1,0,0,0,0,1,0,0,0,0,0.2776617954070981,0.2873394004282655,0.0208768267223382,0.0204764453961456,0.983739837398374
38,19,42,10,557,279,478,6.16074524893112,0,0,0,1,0,0,0,0,0,0,0,0,0,0,0,0,0,0,0,0,0,0,0,0,1,1,0,0,0,0,0,0,0,0,0.215311004784689,0.2373671935734646,0.0,0.0059600932884166,0.9853801169590644
61,74,41,6,273,383,226,6.9160537512,0,0,0,1,0,0,0,0,0,0,0,0,0,0,0,0,0,0,0,0,0,0,0,1,0,0,0,1,0,0,0,0,0,0,0.25,0.2540704278682317,0.0397727272727272,0.0367285119273002,0.9919839679358716
18,31,22,14,304,268,298,5.6167710977,1,0,0,0,0,0,0,0,0,0,0,0,0,0,0,0,0,0,0,0,0,0,0,0,0,0,0,0,0,0,0,0,0,1,0.24375,0.2551691729323308,0.05,0.0263157894736842,1.0
80,74,32,5,330,326,158,6.6528630294,0,0,0,0,0,1,0,0,0,0,0,0,0,0,0,0,0,0,0,0,0,0,0,0,0,0,0,0,0,0,0,0,1,0,0.3055091819699499,0.2880741337630942,0.01669449081803,0.0108783239323126,0.971107544141252
58,38,26,11,450,367,241,6.7452363495,0,0,0,0,0,0,0,0,0,0,1,0,0,0,0,0,0,0,0,0,0,0,0,0,0,1,0,0,0,0,0,0,0,0,0.2736418511066398,0.2753810384913459,0.0140845070422535,0.0103332472229398,0.9848714069591528
32,51,28,15,544,462,551,5.8998973536,0,0,0,0,0,0,1,0,0,0,0,0,0,0,0,0,0,0,0,0,0,0,0,0,0,0,0,0,0,0,0,0,0,1,0.3333333333333333,0.2797029702970297,0.0619047619047619,0.024009900990099,0.0
32,26,26,11,202,185,257,6.007919646322116,0,0,0,1,0,0,0,0,0,0,0,0,0,0,0,0,0,0,0,0,0,0,0,0,1,0,0,0,0,0,0,0,0,1,0.2711111111111111,0.2602040816326531,0.0222222222222222,0.0159438775510204,1.0
26,21,19,2,45,39,35,4.5538768916,0,0,1,0,0,0,0,0,0,0,0,0,0,0,0,0,0,0,0,0,0,0,0,0,1,0,1,0,0,0,0,0,0,0,0.271523178807947,0.2361111111111111,0.0264900662251655,0.03125,0.9767441860465116
33,38,45,1,33,38,45,4.7004803658,0,0,0,0,0,0,0,0,0,0,0,0,0,0,0,0,0,1,0,0,0,0,0,1,1,0,0,0,0,1,0,0,0,0,0.3093525179856115,0.3093525179856115,0.014388489208633,0.014388489208633,0.9814814814814816
48,42,20,10,379,428,221,4.605170186,0,0,0,0,0,0,0,0,0,0,0,0,0,0,0,0,0,0,1,0,0,0,0,1,1,0,0,0,0,1,0,0,0,0,0.2785923753665689,0.2726045883940621,0.0175953079178885,0.027327935222672,0.9700598802395208
58,88,47,10,302,351,174,5.6258209332,0,0,0,0,0,0,0,0,0,0,0,0,0,0,0,0,1,0,0,0,0,0,0,1,0,0,1,0,0,0,0,0,0,0,0.2737430167597765,0.2660349854227405,0.0428305400372439,0.0353498542274052,0.94579945799458
56,34,34,5,89,48,54,4.3820266347,0,0,0,0,0,0,0,0,0,0,0,0,0,0,0,0,0,0,0,1,0,0,0,0,1,0,0,0,1,0,0,0,0,0,0.2556390977443609,0.2492537313432835,0.0075187969924812,0.0059701492537313,0.9865470852017936
37,32,26,13,616,522,436,6.3969296552,0,0,0,1,0,0,0,0,0,0,0,0,0,0,0,0,0,0,0,0,0,0,0,1,0,0,0,0,0,0,1,0,0,0,0.3042071197411003,0.2880034647033347,0.0161812297734627,0.0123430056301429,0.9820359281437124
60,19,28,4,126,44,55,5.043857313934528,0,0,0,0,0,0,0,0,0,0,0,0,0,0,0,0,1,0,0,0,0,0,0,1,0,0,0,0,0,0,0,1,0,0,0.2493765586034912,0.271689497716895,0.0049875311720698,0.002283105022831,0.9807692307692308
35,46,23,15,730,741,497,6.069261849362706,0,0,0,0,0,0,0,0,1,0,0,0,0,0,0,0,0,0,0,0,0,0,0,0,1,0,0,0,0,0,0,0,0,1,0.2767857142857143,0.2785949126146392,0.0267857142857142,0.0221491607544557,0.0
83,107,32,3,181,227,82,5.2983173665,0,0,0,0,0,0,0,0,0,0,0,0,0,0,0,0,0,0,0,1,0,0,0,0,1,0,1,0,0,0,0,0,0,0,0.2646103896103896,0.2623521224773834,0.0438311688311688,0.0452331245650661,0.9653579676674364
24,26,17,12,100,125,63,5.569542799874923,0,0,0,0,0,0,0,0,1,0,0,0,0,0,0,0,0,0,0,0,0,0,0,0,1,0,0,0,0,0,0,0,0,1,0.2146118721461187,0.2407407407407407,0.0365296803652968,0.0193602693602693,0.9875776397515528
67,78,58,6,366,337,218,6.4876840185,0,0,0,0,0,0,0,0,0,0,0,0,0,0,0,0,1,0,0,0,0,0,0,1,0,1,0,0,0,0,0,0,0,0,0.3005181347150259,0.2882410743530953,0.0120898100172711,0.0104814936128398,0.993455497382199
13,9,16,3,18,10,18,4.3174881135,0,0,0,0,0,0,0,0,0,0,0,1,0,0,0,0,0,0,0,0,0,0,0,0,1,0,0,1,0,0,0,0,0,0,0.2363636363636363,0.2244897959183673,0.0121212121212121,0.010204081632653,0.9943342776203966
98,110,62,13,1104,1289,564,7.7884188332,0,1,0,0,0,0,0,0,0,0,0,0,0,0,0,0,0,0,0,0,0,0,0,0,0,0,0,0,0,1,0,0,0,0,0.3236245954692556,0.3034937561386278,0.0323624595469255,0.0492493335204153,0.9774011299435028
31,26,32,14,518,324,382,5.5214609179,0,0,0,0,0,0,0,0,0,0,0,0,0,0,0,0,0,1,0,0,0,0,0,1,1,0,0,0,0,0,0,0,0,1,0.2568093385214007,0.250383631713555,0.0194552529182879,0.0084398976982097,0.947565543071161
35,60,25,3,68,94,55,5.0434251169,0,0,0,0,0,0,0,0,0,0,0,0,0,0,0,1,0,0,0,0,0,0,0,1,0,0,0,1,0,0,0,0,0,0,0.2412698412698412,0.2396825396825397,0.0412698412698412,0.0380952380952381,0.9763636363636364
90,78,26,4,310,226,91,6.4614681764,0,0,0,0,0,0,0,0,0,0,0,0,0,0,0,1,0,0,0,0,0,0,0,1,0,1,0,0,0,0,0,0,0,0,0.2656514382402707,0.2678217821782178,0.027072758037225,0.0257425742574257,0.9668874172185432
54,49,18,6,188,135,63,5.7037824747,1,0,0,0,0,0,0,0,0,0,0,0,0,0,0,0,0,0,0,0,0,0,0,0,0,0,0,0,0,0,1,0,0,0,0.2277227722772277,0.2400295420974889,0.0272277227722772,0.0221565731166912,0.978448275862069
23,37,16,4,38,46,28,4.7004803658,0,0,0,1,0,0,0,0,0,0,0,0,0,0,0,0,0,0,0,0,0,0,0,0,1,0,0,1,0,0,0,0,0,0,0.2317460317460317,0.24,0.0158730158730158,0.0133333333333333,0.9877551020408164
32,19,20,4,97,48,44,5.107149428839358,0,0,0,0,0,0,0,0,0,0,0,0,0,0,0,1,0,0,0,0,0,0,0,1,0,0,0,0,0,0,1,0,0,0,0.2771084337349397,0.2977207977207977,0.0240963855421686,0.0142450142450142,0.9823008849557522
41,42,57,13,578,579,644,6.7153833863,0,0,0,0,0,0,0,0,1,0,0,0,0,0,0,0,0,0,0,0,0,0,0,0,1,0,0,1,0,0,0,0,0,0,0.2121212121212121,0.2499105545617173,0.0279720279720279,0.0148479427549195,0.9945652173913044
28,44,18,2,31,46,20,4.474790492279683,1,0,0,0,0,0,0,0,0,0,0,0,0,0,0,0,0,0,0,0,0,0,0,0,0,0,0,0,0,0,0,0,0,1,0.2547169811320754,0.2532188841201717,0.0613207547169811,0.055793991416309,0.981549815498155
46,43,61,3,96,72,91,5.2729995586,0,0,0,0,0,0,0,0,0,0,0,0,0,0,0,0,0,0,1,0,0,0,0,1,1,0,0,0,0,0,0,0,1,0,0.2229580573951435,0.229957805907173,0.0066225165562913,0.0063291139240506,0.9774330042313116
17,26,22,3,77,99,76,5.048208628786774,0,0,0,0,0,0,0,0,0,0,0,0,0,0,1,0,0,0,0,0,0,0,0,0,1,0,0,1,0,0,0,0,0,0,0.2670807453416149,0.2531824611032532,0.0248447204968944,0.0297029702970297,0.9936305732484076
20,28,18,11,419,382,304,6.1092475828,0,0,0,0,0,0,0,0,0,0,0,0,0,0,0,0,0,0,1,0,0,0,0,1,1,0,0,0,0,0,1,0,0,0,0.2554347826086957,0.2675082657048392,0.0271739130434782,0.0222422602945596,1.0
83,79,38,5,219,195,82,6.4457198194,0,0,0,0,0,0,0,1,0,0,0,0,0,0,0,0,0,0,0,0,0,0,0,1,1,0,0,0,0,0,0,1,0,0,0.311336717428088,0.2735346358792184,0.0338409475465313,0.0236826524570751,0.984375
34,23,22,1,34,23,22,4.4601444139,0,0,0,0,1,0,0,0,0,0,0,0,0,0,0,0,0,0,0,0,0,0,0,1,1,0,0,0,0,0,1,0,0,0,0.3204419889502762,0.3204419889502762,0.0331491712707182,0.0331491712707182,0.967032967032967
84,86,68,8,433,420,309,7.1701195434,0,0,0,0,0,0,1,0,0,0,0,0,0,0,0,0,0,0,0,0,0,0,0,0,0,0,0,0,0,0,0,1,0,0,0.2675736961451247,0.2754315093646713,0.0634920634920634,0.0462724935732647,0.9896907216494846
69,58,35,14,983,707,600,6.907755279,0,0,0,0,0,0,0,0,0,0,0,0,0,1,0,0,0,0,0,0,0,0,0,0,0,0,0,0,0,0,1,0,0,0,0.3061224489795918,0.3001958863858961,0.0428571428571428,0.0197518772445315,0.971153846153846
94,83,94,13,969,900,917,7.4955419439,0,0,0,0,0,0,0,0,0,0,0,0,0,1,0,0,0,0,0,0,0,0,0,1,0,0,0,0,0,0,0,0,0,0,0.3103448275862069,0.3021346469622332,0.0235934664246823,0.0210180623973727,0.9963045084996304
85,91,71,6,405,474,319,7.1777824162,0,0,0,0,0,0,0,0,0,0,0,1,0,0,0,0,0,0,0,0,0,0,0,0,1,0,0,0,0,0,0,0,0,0,0.2672727272727273,0.2894176136363636,0.0527272727272727,0.0415482954545454,0.9924924924924924
34,29,22,10,505,456,283,6.6032660882,0,0,0,0,0,0,0,0,0,1,0,0,0,0,0,0,0,0,0,0,0,0,0,1,1,0,0,0,0,0,1,0,0,0,0.2614840989399293,0.2709874968104108,0.0141342756183745,0.0216892064302117,0.9554140127388536
89,96,66,4,233,260,155,6.4377516497,0,0,0,0,0,0,0,0,0,0,0,0,0,0,0,0,0,1,0,0,0,0,0,1,1,0,0,0,1,0,0,0,0,0,0.2875,0.2627166014533258,0.0464285714285714,0.0363331470095025,0.9770773638968482
51,43,33,2,51,44,33,4.8283137373,0,0,0,0,0,0,0,0,0,0,0,0,0,1,0,0,0,0,0,0,0,0,0,1,0,0,0,0,0,0,0,0,0,1,0.2774390243902439,0.2748538011695906,0.0365853658536585,0.0350877192982456,0.9622641509433962
72,79,53,9,363,477,295,6.9501756754,0,0,0,1,0,0,0,0,0,0,0,0,0,0,0,0,0,0,0,0,0,0,0,1,0,0,0,0,0,0,0,1,0,0,0.2713310580204778,0.2855288773523686,0.0204778156996587,0.026930564568462,0.9797979797979798
62,48,83,10,408,303,414,6.5861716549,0,0,0,0,0,0,0,0,0,0,0,0,0,0,0,0,0,0,0,0,0,0,0,1,1,0,1,0,0,0,0,0,0,0,0.2703777335984095,0.2833771545427987,0.0099403578528827,0.0058428279287175,0.9758308157099698
69,64,88,7,150,156,187,5.7037824747,0,0,0,0,0,0,0,0,0,0,0,0,0,0,0,0,0,0,0,1,0,0,0,0,1,0,0,0,0,0,0,0,0,1,0.2470930232558139,0.2349066959385291,0.0697674418604651,0.0702524698133918,0.0
119,96,34,3,262,201,91,5.8998973536,0,0,0,0,0,0,0,0,0,0,0,1,0,0,0,0,0,0,0,0,0,0,0,0,1,0,0,0,1,0,0,0,0,0,0.3279411764705882,0.304460580912863,0.0455882352941176,0.0181535269709543,0.9864559819413092
31,26,30,1,31,26,30,4.3174881135,0,0,0,0,1,0,0,0,0,0,0,0,0,0,0,0,0,0,0,0,0,0,0,1,1,0,0,0,0,0,0,0,1,0,0.2293906810035842,0.2293906810035842,0.0,0.0,0.951219512195122
66,65,67,7,436,458,377,7.0760903121,0,0,0,1,0,0,0,0,0,0,0,0,0,0,0,0,0,0,0,0,0,0,0,1,0,0,0,0,0,0,0,0,0,0,0.262396694214876,0.2807717897538256,0.0413223140495867,0.0385894876912841,0.9946889226100152
77,45,58,2,117,64,88,5.3107398865,0,0,0,0,0,0,0,0,0,0,0,0,0,1,0,0,0,0,0,0,0,0,0,1,0,0,0,0,1,0,0,0,0,0,0.2946635730858468,0.280359820089955,0.0185614849187935,0.0134932533733133,0.9897959183673468
33,37,27,12,557,483,307,5.4161004022,0,0,0,0,0,0,1,0,0,0,0,0,0,0,0,0,0,0,0,0,0,0,0,0,0,0,0,0,0,0,1,0,0,0,0.2473498233215547,0.2728287564188434,0.0282685512367491,0.0209868274168341,0.9875
77,47,37,15,615,430,340,6.2633982626,1,0,0,0,0,0,0,0,0,0,0,0,0,0,0,0,0,0,0,0,0,0,0,0,0,0,0,0,0,0,0,1,0,0,0.2871690427698574,0.2889769284549056,0.0224032586558044,0.0195758564437194,0.9919678714859438
26,28,21,6,113,119,87,5.579729826,0,0,0,0,0,0,0,0,0,1,0,0,0,0,0,0,0,0,0,0,0,0,0,1,1,0,0,0,0,0,0,0,0,1,0.2613065326633166,0.2372670807453416,0.0452261306532663,0.0372670807453416,0.9809160305343512
89,86,64,7,513,471,351,6.6688633707,0,0,0,0,0,0,0,0,0,0,0,0,0,0,0,0,0,0,0,0,0,0,1,0,0,0,0,0,1,0,0,0,0,0,0.2529711375212224,0.2608206857785272,0.0356536502546689,0.0286677908937605,0.9843342036553524
53,62,38,10,577,700,334,6.6846117277,0,0,0,0,0,0,1,0,0,0,0,0,0,0,0,0,0,0,0,0,0,0,0,0,0,0,0,1,0,0,0,0,0,0,0.2568807339449541,0.2628130119354084,0.0672782874617737,0.0496138544348233,0.988826815642458
67,94,52,13,740,840,452,6.375876246,0,0,0,0,0,0,0,0,0,0,0,0,0,0,0,0,0,0,0,0,0,1,0,0,1,0,0,0,0,0,0,0,0,1,0.2758620689655172,0.2662549322353748,0.0603448275862069,0.0360267627380339,0.0
20,13,17,1,20,13,17,4.284552514142863,0,0,0,0,0,0,0,0,0,0,0,0,1,0,0,0,0,0,0,0,0,0,0,1,0,0,0,0,0,0,0,0,1,0,0.2048192771084337,0.2048192771084337,0.0,0.0,0.953125
42,60,21,3,88,112,50,4.9767337424,1,0,0,0,0,0,0,0,0,0,0,0,0,0,0,0,0,0,0,0,0,0,0,0,0,0,0,0,0,0,0,0,0,1,0.272189349112426,0.2712609970674486,0.0532544378698224,0.0527859237536656,0.0
80,44,46,9,571,289,326,6.5524543241465665,0,0,0,0,0,0,0,0,1,0,0,0,0,0,0,0,0,0,0,0,0,0,0,0,1,0,0,0,0,1,0,0,0,0,0.2874015748031496,0.2906607369758577,0.0157480314960629,0.0130241423125794,0.9652509652509652
95,73,63,10,724,522,576,6.0402547113,0,0,0,0,0,0,1,0,0,0,0,0,0,0,0,0,0,0,0,0,0,0,0,0,0,1,0,0,0,0,0,0,0,0,0.2688356164383562,0.2806122448979591,0.0342465753424657,0.0197704081632653,0.9844632768361582
27,25,33,1,27,25,33,4.3174881135,0,0,0,0,0,0,0,0,0,0,0,0,0,0,0,0,0,0,1,0,0,0,0,1,1,0,0,0,0,0,0,0,0,1,0.25,0.25,0.0092592592592592,0.0092592592592592,0.9971751412429378
94,60,65,5,216,163,166,6.3543700408,0,1,0,0,0,0,0,0,0,0,0,0,0,0,0,0,0,0,0,0,0,0,0,0,0,1,0,0,0,0,0,0,0,0,0.2864,0.2806603773584906,0.0064,0.0070754716981132,0.9817470664928292
18,26,27,4,101,110,76,5.465270653128251,0,0,0,0,0,0,0,0,0,0,0,0,0,0,0,0,1,0,0,0,0,0,0,1,0,0,0,0,0,0,1,0,0,0,0.2181069958847736,0.2672919109026964,0.0164609053497942,0.0269636576787807,0.9734513274336284
77,55,34,7,300,263,153,6.6592939197,0,0,0,0,0,0,0,0,0,0,0,0,0,0,1,0,0,0,0,0,0,0,0,0,1,0,0,0,0,0,0,1,0,0,0.2678936605316973,0.2676743052169673,0.0388548057259713,0.0302291565090199,0.972560975609756
22,36,19,2,24,37,19,4.4998096703,0,0,0,0,0,0,0,0,0,0,0,0,0,0,0,0,1,0,0,0,0,0,0,1,0,0,0,0,0,0,0,0,0,1,0.2679425837320574,0.2685185185185185,0.0574162679425837,0.0555555555555555,0.9857142857142858
47,30,30,2,121,69,68,5.0106352941,0,0,0,0,0,0,0,0,0,1,0,0,0,0,0,0,0,0,0,0,0,0,0,1,1,0,0,0,0,0,0,0,1,0,0.2285012285012285,0.2373581011351909,0.0196560196560196,0.0144478844169246,0.95136186770428
64,78,49,13,445,491,301,6.551080335,0,0,0,0,0,0,0,0,0,0,0,0,0,1,0,0,0,0,0,0,0,0,0,0,0,0,0,0,0,0,0,0,0,1,0.3020408163265306,0.2941176470588235,0.0285714285714285,0.033235294117647,0.0
20,37,27,4,66,106,92,5.072795613745644,0,0,0,0,0,0,0,0,0,0,0,0,1,0,0,0,0,0,0,0,0,0,0,1,0,0,0,1,0,0,0,0,0,0,0.2822966507177033,0.2364253393665158,0.0287081339712918,0.0158371040723981,0.9933774834437086
68,77,33,6,210,203,136,6.3099182782,0,0,0,0,0,1,0,0,0,0,0,0,0,0,0,0,0,0,0,0,0,0,0,0,0,0,0,0,0,1,0,0,0,0,0.2963800904977375,0.2810734463276836,0.0407239819004524,0.0331920903954802,0.97165991902834
40,32,19,8,269,270,118,6.075379670760599,0,0,0,0,0,0,0,0,0,0,0,1,0,0,0,0,0,0,0,0,0,0,0,0,1,0,0,0,0,0,0,0,0,1,0.277602523659306,0.2811639795517106,0.0094637223974763,0.011010617381046,0.9833333333333332
30,36,27,9,315,325,189,6.4769723629,0,0,0,0,0,0,0,0,0,0,0,0,0,0,0,0,0,0,0,0,1,0,0,1,0,0,0,1,0,0,0,0,0,0,0.2256944444444444,0.2479573712255772,0.0277777777777777,0.019538188277087,0.9665551839464884
25,14,12,1,25,14,12,4.2195077052,0,0,0,0,0,0,0,0,1,0,0,0,0,0,0,0,0,0,0,0,0,0,0,0,1,0,0,0,0,0,1,0,0,0,0.2583732057416268,0.2583732057416268,0.0143540669856459,0.0143540669856459,0.972972972972973
18,30,36,3,20,36,45,4.605170186,0,0,0,0,0,0,0,0,0,0,0,0,0,0,0,0,0,0,0,0,1,0,0,1,0,0,0,1,0,0,0,0,0,0,0.2343234323432343,0.2209302325581395,0.0099009900990099,0.0087209302325581,0.9884836852207294
47,53,27,6,247,288,161,6.5072777124,0,0,0,0,0,0,0,0,0,1,0,0,0,0,0,0,0,0,0,0,0,0,0,1,1,0,0,0,0,0,0,1,0,0,0.2333333333333333,0.2676348547717842,0.0575757575757575,0.0466804979253112,0.9631901840490796
71,71,54,3,150,167,114,5.1647859739,0,0,0,0,0,0,0,0,0,0,0,0,0,1,0,0,0,0,0,0,0,0,0,0,0,0,1,0,0,0,0,0,0,0,0.238095238095238,0.2387096774193548,0.0555555555555555,0.0497695852534562,0.9530864197530864
28,33,18,3,80,75,36,4.9199809258,0,0,0,0,0,0,0,0,0,0,0,1,0,0,0,0,0,0,0,0,0,0,0,0,1,0,0,1,0,0,0,0,0,0,0.2325581395348837,0.2664576802507837,0.0310077519379844,0.0266457680250783,0.9798994974874372
97,119,89,15,1347,1392,1354,7.6626243615,0,0,0,0,0,0,0,0,0,0,0,0,0,0,0,1,0,0,0,0,0,0,0,1,0,0,1,0,0,0,0,0,0,0,0.2898550724637681,0.2679648930334613,0.0670289855072463,0.0678826110806363,0.9802631578947368
36,26,62,7,181,199,288,6.7742238864,0,0,0,0,0,0,0,0,0,1,0,0,0,0,0,0,0,0,0,0,0,0,0,1,1,0,0,1,0,0,0,0,0,0,0.2513368983957219,0.2637195121951219,0.0133689839572192,0.0132113821138211,0.9820359281437124
26,35,39,3,59,55,78,4.7874917428,0,0,0,0,0,0,0,0,0,0,0,0,0,0,1,0,0,0,0,0,0,0,0,0,1,0,0,1,0,0,0,0,0,0,0.2037914691943128,0.2329317269076305,0.0473933649289099,0.0281124497991967,0.9840954274353876
38,23,26,3,71,33,44,4.9416424226,0,0,0,0,0,0,0,0,0,0,0,0,0,0,0,1,0,0,0,0,0,0,0,1,0,0,0,0,1,0,0,0,0,0,0.2508361204013378,0.2758620689655172,0.020066889632107,0.0137931034482758,0.9906976744186048
89,49,57,4,132,83,79,5.3471075307,0,0,0,0,0,0,0,0,0,0,0,0,1,0,0,0,0,0,0,0,0,0,0,1,0,0,0,0,1,0,0,0,0,0,0.2899305555555556,0.2822384428223844,0.0138888888888888,0.0231143552311435,0.9768115942028984
61,45,32,7,451,249,168,6.6846117277,0,0,0,0,0,0,0,0,0,0,0,0,0,1,0,0,0,0,0,0,0,0,0,1,0,0,0,0,0,0,1,0,0,0,0.2887139107611549,0.2766169154228856,0.0236220472440944,0.0132669983416252,0.9791666666666666
34,37,15,4,198,120,113,5.4806389233,0,0,0,0,0,0,0,0,0,0,0,0,0,0,0,0,0,1,0,0,0,0,0,1,1,0,0,0,0,0,1,0,0,0,0.2638888888888889,0.2481751824817518,0.0243055555555555,0.0097323600973236,0.985645933014354
43,42,49,5,181,177,157,5.8579331545,1,0,0,0,0,0,0,0,0,0,0,0,0,0,0,0,0,0,0,0,0,0,0,0,0,0,0,0,0,1,0,0,0,0,0.2520325203252032,0.2567567567567567,0.024390243902439,0.0429252782193958,0.9615384615384616
35,41,47,4,167,198,167,5.898058390426472,0,0,0,0,1,0,0,0,0,0,0,0,0,0,0,0,0,0,0,0,0,0,0,1,1,0,0,0,0,0,0,0,0,0,0.2303030303030303,0.2384784198975859,0.0363636363636363,0.0402340892465252,0.9908592321755028
58,47,12,2,129,80,24,5.1647859739,0,0,0,1,0,0,0,0,0,0,0,0,0,0,0,0,0,0,0,0,0,0,0,0,1,0,0,0,0,0,0,0,1,0,0.2504570383912248,0.2610789980732177,0.0036563071297989,0.0028901734104046,0.9703504043126684
105,49,65,2,168,91,101,5.2983173665,0,0,0,0,0,0,0,0,0,0,0,0,0,0,0,0,0,0,0,0,0,1,0,0,1,0,0,0,1,0,0,0,0,0,0.2657342657342657,0.254601226993865,0.0314685314685314,0.0368098159509202,0.9912023460410556
46,27,21,12,699,386,387,6.2057111868353205,0,0,0,0,0,0,0,0,0,0,0,0,0,0,0,0,0,0,0,0,0,0,0,1,1,0,0,0,0,0,0,1,0,0,0.233983286908078,0.2518028846153846,0.011142061281337,0.0074118589743589,0.9695121951219512
67,54,79,9,583,374,528,7.5704432521,0,0,0,0,0,0,0,0,0,0,0,0,0,0,0,0,0,0,0,0,1,0,0,1,0,0,0,0,0,0,0,0,1,0,0.2801556420233463,0.2466765140324963,0.0,0.0027431947668284,0.9784791965566716
45,48,63,7,176,202,175,6.551080335,0,0,0,0,0,0,0,0,0,0,0,0,0,0,0,0,0,0,0,0,0,0,0,1,1,0,0,1,0,0,0,0,0,0,0.2228412256267409,0.2404554588077695,0.0417827298050139,0.0408573342263898,0.983502538071066
88,50,77,4,245,167,174,6.6200732065,0,0,0,0,0,0,0,0,0,0,0,0,0,0,0,0,0,0,0,1,0,0,0,0,1,0,0,0,0,1,0,0,0,0,0.3098859315589353,0.3020565552699228,0.0228136882129277,0.0244215938303341,0.9961832061068704
43,41,30,14,751,714,535,6.1092475828,0,0,0,0,0,0,0,1,0,0,0,0,0,0,0,0,0,0,0,0,0,0,0,1,1,0,1,0,0,0,0,0,0,0,0.2651757188498402,0.2621920135938828,0.0287539936102236,0.0176720475785896,0.8963963963963963
82,88,55,1,82,88,55,5.1474944768,0,0,0,0,0,0,0,0,0,0,0,0,0,0,0,0,0,0,0,0,0,1,0,0,1,0,0,0,0,0,0,1,0,0,0.25,0.25,0.0555555555555555,0.0555555555555555,0.9209039548022598
62,55,40,9,676,390,364,7.1388669999,0,0,0,0,0,0,0,0,0,0,1,0,0,0,0,0,0,0,0,0,0,0,0,0,0,0,1,0,0,0,0,0,0,0,0.2814645308924485,0.2906499154385117,0.0205949656750572,0.0190867359265523,0.9438202247191012
86,90,87,5,278,328,273,6.804641979144992,0,0,0,0,0,0,0,0,0,0,0,0,0,0,0,0,0,0,0,0,0,1,0,0,1,0,0,0,0,0,0,0,0,0,0.2903811252268602,0.2693512304250559,0.0417422867513611,0.0335570469798657,0.991851851851852
15,25,30,24,2165,1314,1566,6.6200732065,0,0,0,0,1,0,0,0,0,0,0,0,0,0,0,0,0,0,0,0,0,0,0,1,1,0,0,0,0,0,0,0,0,0,0.2194092827004219,0.3028534832420124,0.0,0.0113854692948124,0.9895104895104896
41,19,21,5,166,125,105,5.2470240722,0,0,0,0,0,0,1,0,0,0,0,0,0,0,0,0,0,0,0,0,0,0,0,0,0,0,0,0,0,0,1,0,0,0,0.2372881355932203,0.2617342879872713,0.0254237288135593,0.0190930787589498,0.9774011299435028
61,48,29,6,250,252,178,6.3630281035,0,0,0,0,0,1,0,0,0,0,0,0,0,0,0,0,0,0,0,0,0,0,0,0,0,0,0,0,0,0,0,0,0,0,0.3255813953488372,0.2878942014242115,0.0126849894291754,0.0147507629704984,0.9904153354632588
33,31,26,5,41,32,26,4.8675344505,0,0,0,0,0,0,0,0,0,0,0,0,0,0,0,0,1,0,0,0,0,0,0,1,0,0,0,0,0,0,0,0,1,0,0.233009708737864,0.231638418079096,0.0,0.0,0.9698492462311558
35,29,33,12,630,435,403,6.1092475828,0,0,1,0,0,0,0,0,0,0,0,0,0,0,0,0,0,0,0,0,0,0,0,0,1,0,0,0,0,0,0,0,0,1,0.2841328413284132,0.2752888708696533,0.018450184501845,0.0097303871883235,0.9806451612903224
50,45,39,5,178,192,136,5.7037824747,0,0,0,0,0,0,0,0,0,0,0,1,0,0,0,0,0,0,0,0,0,0,0,0,1,0,0,0,0,1,0,0,0,0,0.2689075630252101,0.2467718794835007,0.0196078431372549,0.0308464849354375,0.976878612716763
22,18,15,12,266,304,198,5.5214609179,0,0,0,0,0,0,0,0,0,0,1,0,0,0,0,0,0,0,0,0,0,0,0,0,0,0,0,1,0,0,0,0,0,0,0.2592592592592592,0.2378397711015736,0.0185185185185185,0.0153791130185979,0.9908883826879272
42,36,44,16,965,1128,990,6.9565454432,0,0,0,1,0,0,0,0,0,0,0,0,0,0,0,0,0,0,0,0,0,0,0,1,0,0,1,0,0,0,0,0,0,0,0.2734375,0.2614054973080192,0.05078125,0.0442051572683479,0.9520958083832336
75,86,72,3,102,109,102,5.3706380281,0,0,0,0,0,0,0,0,0,0,1,0,0,0,0,0,0,0,0,0,0,0,0,0,0,0,0,0,0,0,0,1,0,0,0.2317596566523605,0.2177914110429447,0.0708154506437768,0.0674846625766871,0.9735099337748344
42,29,45,18,438,380,466,5.9914645471,1,0,0,0,0,0,0,0,0,0,0,0,0,0,0,0,0,0,0,0,0,0,0,0,0,0,0,1,0,0,0,0,0,0,0.2079510703363914,0.237781716890352,0.0397553516819571,0.0197518359078247,0.9902642559109874
49,65,37,7,244,288,150,6.45700634525584,0,1,0,0,0,0,0,0,0,0,0,0,0,0,0,0,0,0,0,0,0,0,0,0,0,0,0,1,0,0,0,0,0,0,0.2575757575757575,0.2735804786485218,0.0346320346320346,0.0323791647114031,0.9935965848452508
45,49,46,9,249,322,274,6.3279367837,0,0,0,0,0,0,0,0,0,0,0,0,0,1,0,0,0,0,0,0,0,0,0,0,0,0,0,1,0,0,0,0,0,0,0.3225806451612903,0.2822822822822823,0.0263929618768328,0.0214500214500214,0.9848484848484848
130,74,89,8,862,417,708,7.4205789054,0,0,0,0,0,0,0,0,0,0,0,0,0,1,0,0,0,0,0,0,0,0,0,0,0,0,0,0,1,0,0,0,0,0,0.2631578947368421,0.290346352247605,0.0460526315789473,0.0253009088676001,0.9862385321100916
65,58,92,20,1509,1659,1342,6.1892902904,0,0,1,0,0,0,0,0,0,0,0,0,0,0,0,0,0,0,0,0,0,0,0,0,1,0,0,0,0,0,0,0,0,1,0.2410501193317422,0.2634340890008396,0.0429594272076372,0.0575146935348446,0.0
73,49,64,11,618,551,514,6.576004509328089,0,0,1,0,0,0,0,0,0,0,0,0,0,0,0,0,0,0,0,0,0,0,0,0,1,0,0,0,0,0,0,1,0,0,0.2290076335877862,0.2500591996211224,0.0432569974554707,0.0329149893440681,0.9813084112149532
42,60,35,5,238,299,157,6.0520891689,0,0,0,1,0,0,0,0,0,0,0,0,0,0,0,0,0,0,0,0,0,0,0,0,1,0,0,0,0,0,0,0,0,1,0.2180851063829787,0.2305084745762712,0.0558510638297872,0.0649717514124293,0.0
51,76,40,11,410,497,284,6.2146080984,0,0,0,0,0,0,0,0,0,0,0,0,0,1,0,0,0,0,0,0,0,0,0,1,0,0,1,0,0,0,0,0,0,0,0.2983539094650205,0.2777917822031762,0.022633744855967,0.0168893370305016,0.948051948051948
28,16,11,1,28,16,11,4.373768340979691,0,0,0,0,0,0,0,0,0,0,0,0,0,0,0,0,0,0,1,0,0,0,0,1,1,0,0,0,0,0,1,0,0,0,0.2365591397849462,0.2365591397849462,0.0376344086021505,0.0376344086021505,0.9902912621359224
42,36,29,7,379,198,184,6.319372010771851,0,0,0,0,0,0,0,0,1,0,0,0,0,0,0,0,0,0,0,0,0,0,0,0,1,0,0,0,0,0,1,0,0,0,0.260586319218241,0.2709624122263527,0.003257328990228,0.0074349442379182,0.9865771812080536
35,39,13,6,102,96,80,5.5214609179,0,0,0,0,0,0,0,0,0,0,0,0,0,0,0,0,0,0,0,0,0,0,1,0,0,0,0,0,0,0,0,0,0,1,0.3089430894308943,0.2565789473684211,0.0203252032520325,0.0131578947368421,0.9777777777777776
31,27,17,12,643,445,459,5.9914645471,0,0,0,0,0,0,0,0,0,0,1,0,0,0,0,0,0,0,0,0,0,0,0,0,0,0,0,0,0,0,1,0,0,0,0.2536585365853658,0.2576938059992208,0.0390243902439024,0.0109076743280093,0.9875
50,45,43,10,295,273,269,6.1092475828,0,0,0,0,0,0,0,0,0,0,0,0,0,0,0,0,0,0,0,0,0,0,1,0,0,0,1,0,0,0,0,0,0,0,0.2586206896551724,0.2683566433566433,0.0316091954022988,0.0187937062937062,0.975206611570248
52,44,52,9,377,284,296,6.6200732065,0,0,0,0,1,0,0,0,0,0,0,0,0,0,0,0,0,0,0,0,0,0,0,1,1,1,0,0,0,0,0,0,0,0,0.2581261950286806,0.2657363420427553,0.0152963671128107,0.0115795724465558,0.9779326364692218
32,22,24,1,32,22,24,4.248495242,0,1,0,0,0,0,0,0,0,0,0,0,0,0,0,0,0,0,0,0,0,0,0,0,0,0,0,0,0,0,0,0,1,0,0.2179487179487179,0.2179487179487179,0.0064102564102564,0.0064102564102564,0.9402390438247012
57,33,21,7,365,280,165,6.7742238864,0,0,0,0,0,0,0,0,0,0,0,0,0,0,0,0,0,0,0,0,0,0,0,1,1,0,0,0,0,0,0,0,0,1,0.2399193548387097,0.262656343061346,0.0161290322580645,0.0107206670637284,0.9477477477477476
63,48,40,4,135,125,79,5.2470240722,0,0,0,0,0,0,0,0,0,0,0,0,0,0,0,0,1,0,0,0,0,0,0,1,0,0,0,0,0,1,0,0,0,0,0.2686567164179104,0.2688588007736944,0.0223880597014925,0.0154738878143133,0.9552238805970148
42,42,61,6,128,104,172,5.252273428,0,0,0,0,0,0,0,0,0,0,0,0,0,0,0,1,0,0,0,0,0,0,0,1,0,0,0,0,0,0,1,0,0,0,0.2472727272727272,0.2476586888657648,0.0181818181818181,0.0166493236212278,0.989247311827957
68,76,46,6,494,345,242,6.6066501862,0,0,0,1,0,0,0,0,0,0,0,0,0,0,0,0,0,0,0,0,0,0,0,1,0,1,0,0,0,0,0,0,0,0,0.2838915470494418,0.2867132867132867,0.0223285486443381,0.0235219326128417,0.9937965260545906
38,28,36,4,94,71,76,5.5214609179,0,0,0,0,0,0,0,0,0,0,0,0,0,1,0,0,0,0,0,0,0,0,0,1,0,0,0,0,0,0,0,0,1,0,0.2182741116751269,0.2451790633608815,0.0025380710659898,0.0027548209366391,0.9727891156462584
32,25,18,3,98,54,62,4.9416424226,0,0,0,0,0,0,0,0,0,0,0,0,0,0,0,1,0,0,0,0,0,0,0,1,0,0,1,0,0,0,0,0,0,0,0.2740384615384615,0.2603369065849923,0.0384615384615384,0.0260336906584992,0.912751677852349
50,55,22,1,50,55,22,4.579852378,0,0,0,0,0,0,0,0,0,0,0,0,0,0,0,0,0,0,0,0,0,1,0,0,1,0,0,0,0,0,1,0,0,0,0.2643979057591623,0.2643979057591623,0.0418848167539267,0.0418848167539267,0.971830985915493
59,57,68,12,713,660,735,6.6066501862,0,0,0,0,0,0,0,0,0,0,0,1,0,0,0,0,0,0,0,0,0,0,0,0,1,0,0,0,0,0,0,0,0,1,0.2461873638344226,0.2559835452505609,0.0435729847494553,0.0289827973074046,0.0
73,47,42,1,73,47,42,4.9416424226,0,0,0,0,0,0,0,0,0,0,0,0,0,0,0,0,0,0,1,0,0,0,0,1,1,1,0,0,0,0,0,0,0,0,0.2714025500910746,0.2714025500910746,0.0127504553734061,0.0127504553734061,0.9764542936288088
25,33,16,10,315,259,204,5.8338365785,0,0,1,0,0,0,0,0,0,0,0,0,0,0,0,0,0,0,0,0,0,0,0,0,1,1,0,0,0,0,0,0,0,0,0.21875,0.2486950037285607,0.0104166666666666,0.0141685309470544,0.9824561403508772
35,32,23,2,39,32,23,4.5930446068628275,0,0,0,0,0,0,0,0,0,1,0,0,0,0,0,0,0,0,0,0,0,0,0,1,1,0,0,0,1,0,0,0,0,0,0.2772277227722772,0.2788461538461538,0.0132013201320132,0.0128205128205128,0.983957219251337
82,46,62,13,1043,827,535,6.907755279,0,0,0,0,0,0,0,0,0,0,1,0,0,0,0,0,0,0,0,0,0,0,0,0,0,0,0,0,1,0,0,0,0,0,0.3122605363984674,0.2869120363791388,0.0172413793103448,0.0217422196958931,0.9972375690607734
54,88,43,6,204,276,155,4.605170186,0,0,0,0,0,0,0,0,1,0,0,0,0,0,0,0,0,0,0,0,0,0,0,0,1,0,0,0,0,0,0,0,0,0,0.228515625,0.2354285714285714,0.056640625,0.0571428571428571,0.9866863905325444
20,28,13,3,27,31,15,4.4998096703,0,0,0,0,0,0,0,0,0,0,0,0,0,0,0,0,0,0,0,1,0,0,0,0,1,0,0,1,0,0,0,0,0,0,0.3,0.2758620689655172,0.0227272727272727,0.0172413793103448,0.9901639344262296
73,77,60,4,93,106,86,5.2983173665,0,0,0,0,0,0,0,0,0,0,0,0,0,0,0,0,1,0,0,0,0,0,0,1,0,0,0,0,0,0,0,0,0,0,0.2681992337164751,0.2534246575342466,0.0306513409961685,0.0301369863013698,0.9886892880904856
54,54,35,2,76,75,49,4.9052747784,0,0,0,0,0,0,0,0,0,0,0,0,0,0,0,0,0,0,0,0,0,1,0,0,1,0,1,0,0,0,0,0,0,0,0.2429501084598698,0.2352941176470588,0.0390455531453362,0.0352941176470588,0.9683908045977012
66,68,21,2,106,86,40,5.0434251169,0,0,0,1,0,0,0,0,0,0,0,0,0,0,0,0,0,0,0,0,0,0,0,1,0,0,0,0,0,0,0,0,1,0,0.2495697074010327,0.2527075812274368,0.0292598967297762,0.0252707581227436,0.9608323133414932
82,50,47,6,218,149,163,6.163314804,0,0,0,0,0,0,0,0,0,0,0,0,0,0,0,0,0,0,0,0,0,1,0,0,1,0,0,0,0,0,0,0,1,0,0.3,0.2631253860407659,0.0056603773584905,0.0067943174799258,0.9734513274336284
58,81,23,18,1138,1299,478,7.2793188354,0,0,0,0,0,0,0,0,0,0,0,0,0,0,0,0,0,1,0,0,0,0,0,1,1,0,0,0,0,0,0,0,0,0,0.2549371633752244,0.2948966777029341,0.03770197486535,0.0309396049777371,0.9942622950819672
44,36,65,4,68,56,99,5.0106352941,0,0,0,0,0,0,0,0,0,0,0,0,0,0,0,1,0,0,0,0,0,0,0,1,0,0,0,0,0,0,0,0,1,0,0.2186788154897494,0.2081575246132208,0.0,0.0014064697609001,0.9665144596651446
53,33,52,2,63,39,58,4.6539603502,0,0,0,0,0,0,0,0,0,0,0,1,0,0,0,0,0,0,0,0,0,0,0,0,1,1,0,0,0,0,0,0,0,0,0.227373068432671,0.2426035502958579,0.0176600441501103,0.0157790927021696,0.9914529914529916
67,45,51,4,211,146,155,5.8579331545,0,0,0,0,0,0,0,0,0,0,0,0,0,0,0,0,0,0,0,1,0,0,0,0,1,0,0,0,0,0,0,0,1,0,0.231060606060606,0.2348484848484848,0.0018939393939393,0.0069930069930069,0.9715719063545152
91,56,59,6,420,230,274,4.4998096703,0,0,0,0,0,0,0,0,0,1,0,0,0,0,0,0,0,0,0,0,0,0,0,1,1,1,0,0,0,0,0,0,0,0,0.3317535545023696,0.2840390879478827,0.0094786729857819,0.0061889250814332,0.9803680981595092
40,58,24,11,542,727,230,6.524113251558318,0,1,0,0,0,0,0,0,0,0,0,0,0,0,0,0,0,0,0,0,0,0,0,0,0,0,0,0,1,0,0,0,0,0,0.2635294117647059,0.2512740970529581,0.0258823529411764,0.049634389541325,0.9691119691119692
88,73,53,8,450,342,373,6.2728770065,0,0,0,0,0,1,0,0,0,0,0,0,0,0,0,0,0,0,0,0,0,0,0,0,0,1,0,0,0,0,0,0,0,0,0.3007117437722419,0.2643822697265011,0.0302491103202846,0.0191763596353348,0.9790123456790124
42,25,20,8,324,300,179,5.8338365785,0,0,0,0,0,0,1,0,0,0,0,0,0,0,0,0,0,0,0,0,0,0,0,0,0,0,0,0,0,0,0,0,0,1,0.2704626334519573,0.247178329571106,0.0106761565836298,0.0180586907449209,0.9727626459143968
69,75,53,6,369,384,321,6.8458798753,0,0,0,0,0,0,0,0,0,0,0,1,0,0,0,0,0,0,0,0,0,0,0,0,1,0,0,0,0,0,0,1,0,0,0.2563237774030354,0.2481012658227848,0.0387858347386172,0.0481012658227848,0.9818731117824774
91,65,27,4,196,137,89,5.8579331545,0,0,0,0,0,0,0,0,0,0,0,0,0,0,0,0,0,0,0,0,0,0,1,0,0,0,0,0,0,0,0,0,1,0,0.3100436681222707,0.2951251646903821,0.0145560407569141,0.0098814229249011,0.9827127659574468
48,28,54,8,207,162,198,5.7889413034,0,0,0,0,0,0,0,0,0,0,0,0,0,0,0,0,0,1,0,0,0,0,0,1,1,1,0,0,0,0,0,0,0,0,0.2798913043478261,0.2598840274117027,0.0081521739130434,0.0047443331576172,0.9934497816593888
26,23,30,4,83,82,86,5.5214609179,0,0,0,0,0,0,0,0,0,0,0,0,1,0,0,0,0,0,0,0,0,0,0,1,0,0,0,0,0,0,0,0,0,1,0.2661596958174905,0.2477477477477477,0.0038022813688212,0.0101351351351351,0.9827586206896552
107,59,52,5,352,230,193,6.6066501862,0,0,0,0,0,0,0,0,0,0,0,0,0,0,0,0,0,1,0,0,0,0,0,1,1,0,0,0,0,0,0,1,0,0,0.3286604361370716,0.3257191201353638,0.0218068535825545,0.0114213197969543,0.9888888888888888
26,30,29,7,135,163,128,6.0520891689,0,0,0,0,0,0,0,0,0,0,0,0,0,0,0,0,0,0,0,0,0,0,0,1,1,0,0,0,0,0,1,0,0,0,0.2566037735849056,0.2535527299925205,0.030188679245283,0.0239341810022438,0.97
36,41,44,17,1115,919,1153,6.274996781094589,0,0,0,0,0,0,0,0,0,0,0,0,0,0,0,0,0,0,0,0,0,1,0,0,1,1,0,0,0,0,0,0,0,0,0.2179930795847751,0.2639827073763847,0.0242214532871972,0.0263442312888408,0.9817708333333334
48,61,73,8,421,349,359,6.8297937375,0,0,0,0,0,0,0,0,0,0,0,0,0,0,0,0,0,0,0,0,1,0,0,1,0,1,0,0,0,0,0,0,0,0,0.2522361359570662,0.2764073371283997,0.0035778175313059,0.0050600885515496,0.9883870967741936
53,44,21,4,106,80,52,5.2203558251,0,0,0,1,0,0,0,0,0,0,0,0,0,0,0,0,0,0,0,0,0,0,0,0,1,0,1,0,0,0,0,0,0,0,0.2307692307692307,0.2448759439050701,0.0326923076923076,0.023732470334412,0.9511111111111112
46,57,37,9,347,477,238,6.82437367,0,0,0,0,0,0,0,0,0,0,0,0,0,0,0,0,0,1,0,0,0,0,0,1,1,0,0,1,0,0,0,0,0,0,0.2638888888888889,0.2715683367921731,0.0277777777777777,0.0243107026386006,0.9896103896103896
24,17,20,7,105,99,71,5.6583212634,0,0,0,0,0,0,0,0,0,0,0,0,0,0,0,0,0,0,0,0,1,0,0,1,0,0,0,0,0,0,1,0,0,0,0.2097560975609756,0.2564402810304449,0.0097560975609756,0.0140515222482435,0.9927536231884058
21,29,24,6,129,139,106,5.5012582105,0,0,0,0,0,0,0,0,0,0,0,1,0,0,0,0,0,0,0,0,0,0,0,0,1,0,0,1,0,0,0,0,0,0,0.2435233160621761,0.2253521126760563,0.0518134715025906,0.0369718309859154,0.9842271293375394
19,18,17,5,88,95,104,5.291475344480402,1,0,0,0,0,0,0,0,0,0,0,0,0,0,0,0,0,0,0,0,0,0,0,0,0,0,1,0,0,0,0,0,0,0,0.2541436464088398,0.2540021344717182,0.005524861878453,0.0096051227321238,0.9375
17,22,3,17,488,491,244,5.4595855141,0,0,0,0,0,0,0,0,0,0,0,0,0,0,0,0,0,0,0,0,0,1,0,0,1,0,0,0,0,0,0,0,0,1,0.2863849765258216,0.2819502585570057,0.0187793427230046,0.0204383156857916,0.9823788546255506
56,52,53,7,307,340,174,7.0475172214,0,0,0,0,0,0,0,0,0,0,0,0,0,0,0,0,1,0,0,0,0,0,0,1,0,0,0,1,0,0,0,0,0,0,0.288235294117647,0.2858635097493036,0.0196078431372549,0.0219359331476323,0.9805825242718448
56,59,34,3,149,161,87,5.0751738152,0,0,0,0,0,0,0,0,0,0,0,0,0,0,0,0,0,0,0,0,1,0,0,1,0,0,1,0,0,0,0,0,0,0,0.2387543252595155,0.2551822730521801,0.0017301038062283,0.0050035739814152,0.9618320610687024
14,29,25,23,1272,1652,925,6.303953769472831,0,0,0,0,1,0,0,0,0,0,0,0,0,0,0,0,0,0,0,0,0,0,0,1,1,0,0,0,0,0,0,0,0,0,0.255,0.2794027408467989,0.01,0.0387604827163019,0.9838709677419356
76,52,76,5,226,149,191,6.0520891689,0,0,0,0,0,0,0,0,0,0,0,0,0,0,1,0,0,0,0,0,0,0,0,0,1,1,0,0,0,0,0,0,0,0,0.2562358276643991,0.2567917205692108,0.0113378684807256,0.0109961190168175,0.9761388286334056
17,14,15,10,579,363,406,6.8023947633,0,0,0,0,0,0,0,1,0,0,0,0,0,0,0,0,0,0,0,0,0,0,0,1,1,0,0,0,0,0,1,0,0,0,0.2441860465116279,0.281448849730788,0.0174418604651162,0.013950073421439,1.0
91,62,78,8,604,314,469,6.868817404967719,0,0,0,0,0,0,0,0,0,0,0,0,1,0,0,0,0,0,0,0,0,0,0,1,0,0,0,0,0,1,0,0,0,0,0.3344827586206896,0.3048635824436536,0.0155172413793103,0.0142348754448398,0.9792387543252596
14,25,12,19,1048,1348,819,6.2146080984,0,0,0,0,0,0,0,0,0,0,0,0,0,0,0,0,0,0,0,0,0,0,0,1,1,0,0,0,0,0,0,0,0,1,0.2519685039370078,0.2860886136255359,0.0314960629921259,0.0288232491662696,0.9685863874345548
35,31,32,4,180,148,158,5.6258209332,0,0,0,0,0,0,0,0,0,0,0,0,0,1,0,0,0,0,0,0,0,0,0,1,0,1,0,0,0,0,0,0,0,0,0.2473118279569892,0.2612214863870493,0.014336917562724,0.0228108903605592,0.9714285714285714
50,71,44,7,338,406,239,6.6200732065,0,0,0,0,0,0,0,0,0,0,0,0,1,0,0,0,0,0,0,0,0,0,0,1,0,0,1,0,0,0,0,0,0,0,0.2333333333333333,0.2543714945562521,0.0375,0.0362916529198284,0.9578947368421052
94,29,60,2,201,69,110,5.0751738152,0,0,0,0,0,0,0,0,0,0,0,0,0,0,0,0,0,0,0,0,1,0,0,1,0,0,0,0,0,1,0,0,0,0,0.2316666666666666,0.25,0.0,0.0008090614886731,0.97196261682243
107,98,74,6,399,366,286,7.1701195434,0,0,0,0,0,0,0,0,0,0,0,0,0,0,0,1,0,0,0,0,0,0,0,1,0,0,0,0,0,0,0,0,0,0,0.3049180327868852,0.2760263929618768,0.0311475409836065,0.0252932551319648,0.9899302865995352
37,44,37,7,279,257,246,6.2633982626,0,0,0,0,0,0,0,0,0,0,0,0,1,0,0,0,0,0,0,0,0,0,0,1,0,1,0,0,0,0,0,0,0,0,0.225,0.2495590828924162,0.0138888888888888,0.0180776014109347,0.9934354485776804
67,27,36,7,272,125,194,6.3099182782,0,0,0,0,0,0,0,0,0,0,0,0,0,1,0,0,0,0,0,0,0,0,0,1,0,1,0,0,0,0,0,0,0,0,0.3204134366925064,0.2850704225352112,0.0025839793281653,0.0033802816901408,0.9655172413793104
107,71,105,5,474,322,417,7.3777589082,0,1,0,0,0,0,0,0,0,0,0,0,0,0,0,0,0,0,0,0,0,0,0,0,0,0,1,0,0,0,0,0,0,0,0.3568965517241379,0.3520518358531317,0.0137931034482758,0.0115190784737221,0.9533169533169532
66,41,34,1,66,41,34,4.7874917428,0,0,0,0,0,0,0,0,0,0,0,0,0,0,0,0,0,0,1,0,0,0,0,1,1,0,0,0,0,0,0,0,0,0,0.2867647058823529,0.2867647058823529,0.0269607843137254,0.0269607843137254,0.9892682926829268
82,100,57,1,82,100,57,5.1059454739,0,0,1,0,0,0,0,0,0,0,0,0,0,0,0,0,0,0,0,0,0,0,0,0,1,0,0,0,0,0,0,0,0,0,0.2900505902192243,0.2900505902192243,0.0370994940978077,0.0370994940978077,0.9890988372093024
21,23,22,8,107,124,106,5.662578318867337,0,0,0,0,0,0,0,0,0,0,0,0,1,0,0,0,0,0,0,0,0,0,0,1,0,0,0,0,0,0,0,0,0,1,0.2398190045248869,0.2662276575729069,0.0090497737556561,0.0141110065851364,0.9845758354755784
65,48,37,5,379,311,138,6.551080335,0,0,0,0,0,0,0,0,0,0,0,0,0,0,0,0,0,0,0,0,1,0,0,1,0,0,0,0,1,0,0,0,0,0,0.255533199195171,0.2981871994080651,0.0140845070422535,0.0118386977432482,0.9910979228486648
76,50,94,12,897,451,875,6.7742238864,0,0,0,0,0,0,0,0,0,0,0,0,0,1,0,0,0,0,0,0,0,0,0,0,0,1,0,0,0,0,0,0,0,0,0.2764227642276423,0.2741789148974777,0.0101626016260162,0.0070767555797495,0.9719887955182072
61,43,52,6,217,93,146,5.9532433343,0,0,0,1,0,0,0,0,0,0,0,0,0,0,0,0,0,0,0,0,0,0,0,0,1,0,1,0,0,0,0,0,0,0,0.2652631578947368,0.2547058823529411,0.0063157894736842,0.0041176470588235,0.9554140127388536
85,60,78,8,470,420,332,6.8669332845,0,0,0,0,0,0,0,0,0,0,0,0,0,0,0,0,0,0,0,0,0,0,1,0,0,0,0,0,0,0,0,0,0,0,0.2513089005235602,0.2679799874921826,0.0157068062827225,0.0303314571607254,0.991763898421414
77,44,31,11,775,357,249,6.907755279,0,0,0,0,0,0,0,0,1,0,0,0,0,0,0,0,0,0,0,0,0,0,0,0,1,0,0,0,1,0,0,0,0,0,0.2694136291600634,0.2968622656886716,0.0142630744849445,0.0061124694376528,0.9927710843373494
