name,no_runs,no_rbi,no_bb,yr_major,cr_runs,cr_rbi,cr_bb,logsalar,team_Baltimore,team_Boston,team_California,team_Chicago,team_Cincinnati,team_Cleveland,team_Detroit,team_Houston,team_KansasCity,team_LosAngeles,team_Milwaukee,team_Minneapolis,team_Montreal,team_NewYork,team_Oakland,team_Philadelphia,team_Pittsburgh,team_SanDiego,team_SanFrancisco,team_Seattle,team_StLouis,team_Texas,team_Toronto,league_National,division_West,position_2B,position_3B,position_C,position_CF,position_LF,position_OF,position_RF,position_SS,position_other,BA,CBA,HRR,CHRR,denominator,FP
"Allanson, Andy",30,29,14,1,30,29,14,,0,0,0,0,0,1,0,0,0,0,0,0,0,0,0,0,0,0,0,0,0,0,0,0,0,0,0,1,0,0,0,0,0,0,0.22525597269624573,0.22525597269624573,0.0034129692832764505,0.0034129692832764505,499,0.9599198396793587
"Ashby, Alan",24,38,39,14,321,414,375,6.163314804,0,0,0,0,0,0,0,1,0,0,0,0,0,0,0,0,0,0,0,0,0,0,0,1,1,0,0,1,0,0,0,0,0,0,0.2571428571428571,0.24209915917657293,0.022222222222222223,0.020005798782255727,685,0.9854014598540146
"Davis, Alan",66,72,76,3,224,266,263,6.1737861039,0,0,0,0,0,0,0,0,0,0,0,0,0,0,0,0,0,0,0,1,0,0,0,0,1,0,0,0,0,0,0,0,0,0,0.27139874739039666,0.2814039408866995,0.037578288100208766,0.03879310344827586,976,0.985655737704918
"Dawson, Andre",65,78,37,11,828,838,354,6.2146080984,0,0,0,0,0,0,0,0,0,0,0,0,1,0,0,0,0,0,0,0,0,0,0,1,0,0,0,0,0,0,0,1,0,0,0.2842741935483871,0.2798507462686567,0.04032258064516129,0.03997867803837953,214,0.985981308411215
"Galarraga, Andres",39,42,30,2,48,46,33,4.5163389723,0,0,0,0,0,0,0,0,0,0,0,0,1,0,0,0,0,0,0,0,0,0,0,1,0,0,0,0,0,0,0,0,0,0,0.27102803738317754,0.255050505050505,0.03115264797507788,0.030303030303030304,849,0.9952885747938751
"Griffin, Alfredo",74,51,35,11,501,336,194,6.6200732065,0,0,0,0,0,0,0,0,0,0,0,0,0,0,1,0,0,0,0,0,0,0,0,0,1,0,0,0,0,0,0,0,1,0,0.2845117845117845,0.257032667876588,0.006734006734006734,0.004310344827586207,728,0.9656593406593407
"Newman, Al",23,8,21,2,30,9,24,4.248495242,0,0,0,0,0,0,0,0,0,0,0,0,1,0,0,0,0,0,0,0,0,0,0,1,0,1,0,0,0,0,0,0,0,0,0.2,0.19626168224299065,0.005405405405405406,0.004672897196261682,210,0.9666666666666667
"Salazar, Argenis",24,24,7,3,41,37,12,4.605170186,0,0,0,0,0,0,0,0,1,0,0,0,0,0,0,0,0,0,0,0,0,0,0,0,1,0,0,0,0,0,0,0,1,0,0.24496644295302014,0.21218074656188604,0.0,0.0,413,0.9782082324455206
"Thomas, Andres",26,32,8,2,32,34,8,4.3174881135,0,0,0,0,0,0,0,0,0,0,0,0,0,0,0,0,0,0,0,0,0,0,0,1,1,0,0,0,0,0,0,0,1,0,0.25077399380804954,0.25219941348973607,0.018575851393188854,0.017595307917888565,452,0.9579646017699115
"Thornton, Andre",49,66,65,13,784,890,866,7.0030654588,0,0,0,0,0,1,0,0,0,0,0,0,0,0,0,0,0,0,0,0,0,0,0,0,0,0,0,0,0,0,0,0,0,1,0.22942643391521197,0.2558586246638494,0.04239401496259352,0.04859777180176719,0,0.0
"Trammell, Alan",107,75,59,10,702,504,488,6.248319432,0,0,0,0,0,0,1,0,0,0,0,0,0,0,0,0,0,0,0,0,0,0,0,0,0,0,0,0,0,0,0,0,1,0,0.2770034843205575,0.28071690779529257,0.036585365853658534,0.019434247462751027,705,0.9687943262411347
"Trevino, Alex",31,26,27,9,192,186,161,6.239300711,0,0,0,0,0,0,0,0,0,1,0,0,0,0,0,0,0,0,0,0,0,0,0,1,1,0,0,1,0,0,0,0,0,0,0.2623762376237624,0.24893390191897655,0.019801980198019802,0.007995735607675906,360,0.9694444444444444
"Van Slyke, Andy",48,61,47,4,205,204,203,6.3099182782,0,0,0,0,0,0,0,0,0,0,0,0,0,0,0,0,0,0,0,0,1,0,0,1,0,0,0,0,0,0,0,1,0,0,0.2703349282296651,0.25925925925925924,0.03110047846889952,0.027116402116402115,229,0.9694323144104804
"Wiggins, Alan",30,11,22,6,309,103,207,6.551080335,1,0,0,0,0,0,0,0,0,0,0,0,0,0,0,0,0,0,0,0,0,0,0,0,0,1,0,0,0,0,0,0,0,0,0.2510460251046025,0.26275115919629055,0.0,0.0020607934054611026,278,0.9784172661870504
"Almon, Bill",29,27,30,13,376,290,238,5.4806389233,0,0,0,0,0,0,0,0,0,0,0,0,0,0,0,0,1,0,0,0,0,0,0,1,0,0,0,0,0,0,0,0,0,1,0.2193877551020408,0.255338904363974,0.03571428571428571,0.011142061281337047,133,0.9398496240601504
"Beane, Billy",20,15,11,3,20,16,11,,0,0,0,0,0,0,0,0,0,0,0,1,0,0,0,0,0,0,0,0,0,0,0,0,1,0,0,0,0,0,1,0,0,0,0.21311475409836064,0.208955223880597,0.01639344262295082,0.014925373134328358,118,1.0
"Bell, Buddy",89,75,73,15,1045,993,732,6.6528630294,0,0,0,0,1,0,0,0,0,0,0,0,0,0,0,0,0,0,0,0,0,0,0,1,1,0,1,0,0,0,0,0,0,0,0.27816901408450706,0.28173029251363413,0.035211267605633804,0.021938522558254833,405,0.9753086419753086
"Biancalana, Buddy",24,8,15,5,65,23,39,5.1647859739,0,0,0,0,0,0,0,0,1,0,0,0,0,0,0,0,0,0,0,0,0,0,0,0,1,0,0,0,0,0,0,0,1,0,0.24210526315789474,0.21294363256784968,0.010526315789473684,0.010438413361169102,295,0.9457627118644067
"Bochte, Bruce",57,43,65,12,643,658,653,,0,0,0,0,0,0,0,0,0,0,0,0,0,0,1,0,0,0,0,0,0,0,0,0,1,0,0,0,0,0,0,0,0,0,0.25552825552825553,0.28243837187081977,0.014742014742014743,0.01910949742021785,1009,0.9910802775024777
"Bochy, Bruce",16,22,14,8,67,82,56,4.9052747784,0,0,0,0,0,0,0,0,0,0,0,0,0,0,0,0,0,1,0,0,0,0,0,1,1,0,0,1,0,0,0,0,0,0,0.25196850393700787,0.24759284731774414,0.06299212598425197,0.033012379642365884,226,0.9911504424778761
"Bonds, Barry",72,48,65,1,72,48,65,4.605170186,0,0,0,0,0,0,0,0,0,0,0,0,0,0,0,0,1,0,0,0,0,0,0,1,0,0,0,0,1,0,0,0,0,0,0.22276029055690072,0.22276029055690072,0.0387409200968523,0.0387409200968523,294,0.9829931972789115
"Bonilla, Bobby",55,43,62,1,55,43,62,4.7449321284,0,0,0,1,0,0,0,0,0,0,0,0,0,0,0,0,0,0,0,0,0,0,0,0,1,0,0,0,0,0,0,0,0,1,0.25586854460093894,0.25586854460093894,0.007042253521126761,0.007042253521126761,385,0.9948051948051948
"Boone, Bob",48,49,43,15,555,702,533,,0,0,1,0,0,0,0,0,0,0,0,0,0,0,0,0,0,0,0,0,0,0,0,0,1,0,0,1,0,0,0,0,0,0,0.22171945701357465,0.25091942494149116,0.01583710407239819,0.0160481444332999,907,0.9878721058434399
"Brenly, Bob",60,62,74,6,242,251,240,6.3969296552,0,0,0,0,0,0,0,0,0,0,0,0,0,0,0,0,0,0,1,0,0,0,0,1,1,0,0,1,0,0,0,0,0,0,0.2457627118644068,0.25415800415800416,0.03389830508474576,0.034823284823284825,576,0.9947916666666666
"Buckner, Bill",73,102,40,18,1008,1072,402,6.6550116871,0,1,0,0,0,0,0,0,0,0,0,0,0,0,0,0,0,0,0,0,0,0,0,0,0,0,0,0,0,0,0,0,0,0,0.2670906200317965,0.2924976258309592,0.028616852146263912,0.0194681861348528,1238,0.9886914378029079
"Butler, Brett",92,51,70,6,442,198,317,6.6398758338,0,0,0,0,0,1,0,0,0,0,0,0,0,0,0,0,0,0,0,0,0,0,0,0,0,0,0,0,1,0,0,0,0,0,0.2776831345826235,0.2771799628942486,0.0068143100511073255,0.006307977736549165,446,0.9932735426008968
"Dernier, Bob",32,18,22,7,291,108,180,6.5629143221,0,0,0,1,0,0,0,0,0,0,0,0,0,0,0,0,0,0,0,0,0,0,0,1,0,0,0,0,1,0,0,0,0,0,0.22530864197530864,0.2542723977213879,0.012345679012345678,0.006732263076126359,228,0.9868421052631579
"Diaz, Bo",50,56,40,10,246,327,166,6.6200732065,0,0,0,0,1,0,0,0,0,0,0,0,0,0,0,0,0,0,0,0,0,0,0,1,1,0,0,1,0,0,0,0,0,0,0.2721518987341772,0.25911625911625913,0.02109704641350211,0.02616902616902617,828,0.9842995169082126
"Doran, Bill",92,37,81,5,349,182,308,6.4377516497,0,0,0,0,0,0,0,1,0,0,0,0,0,0,0,0,0,0,0,0,0,0,0,1,1,1,0,0,0,0,0,0,0,0,0.27636363636363637,0.274263431542461,0.01090909090909091,0.01386481802426343,607,0.9736408566721582
"Downing, Brian",90,95,90,14,763,734,784,6.8023947633,0,0,1,0,0,0,0,0,0,0,0,0,0,0,0,0,0,0,0,0,0,0,0,0,1,0,0,0,0,1,0,0,0,0,0.26705653021442494,0.26571813112862913,0.03898635477582846,0.031916939050182655,275,0.9890909090909091
"Grich, Bobby",42,30,39,17,1033,864,1087,,0,0,1,0,0,0,0,0,0,0,0,0,0,0,0,0,0,0,0,0,0,0,0,0,1,1,0,0,0,0,0,0,0,0,0.268370607028754,0.2660377358490566,0.02875399361022364,0.03251088534107402,355,0.9802816901408451
"Hatcher, Billy",55,36,22,3,80,46,31,4.7004803658,0,0,0,0,0,0,0,1,0,0,0,0,0,0,0,0,0,0,0,0,0,0,0,1,1,0,0,0,1,0,0,0,0,0,0.2577565632458234,0.2521150592216582,0.014319809069212411,0.01353637901861252,237,0.9831223628691983
"Horner, Bob",70,87,52,9,545,652,337,,0,0,0,0,0,0,0,0,0,0,0,0,0,0,0,0,0,0,0,0,0,0,0,1,1,0,0,0,0,0,0,0,0,0,0.2727272727272727,0.278353402408289,0.05222437137330754,0.06020722486698404,1488,0.9946236559139785
"Jacoby, Brook",83,80,56,5,219,208,136,6.4175489424,0,0,0,0,0,1,0,0,0,0,0,0,0,0,0,0,0,0,0,0,0,0,0,0,0,0,1,0,0,0,0,0,0,0,0.2881646655231561,0.27460510328068044,0.029159519725557463,0.026731470230862697,426,0.9413145539906104
"Kearney, Bob",23,25,12,7,126,132,66,5.7037824747,0,0,0,0,0,0,0,0,0,0,0,0,0,0,0,0,0,0,0,1,0,0,0,0,1,0,0,1,0,0,0,0,0,0,0.24019607843137256,0.23529411764705882,0.029411764705882353,0.020626432391138275,470,0.9893617021276596
"Madlock, Bill",38,60,30,14,859,803,571,6.7452363495,0,0,0,0,0,0,0,0,0,1,0,0,0,0,0,0,0,0,0,0,0,0,0,1,1,0,1,0,0,0,0,0,0,0,0.2796833773087071,0.3070726599001128,0.026385224274406333,0.023521830191719027,266,0.9097744360902256
"Meacham, Bobby",19,10,17,4,156,86,107,,0,0,0,0,0,0,0,0,0,0,0,0,0,1,0,0,0,0,0,0,0,0,0,0,0,0,0,0,0,0,0,0,1,0,0.2236024844720497,0.23171889838556506,0.0,0.002849002849002849,231,0.948051948051948
"Melvin, Bob",24,25,15,2,34,29,18,4.4998096703,0,0,0,0,0,0,0,0,0,0,0,0,0,0,0,0,0,0,1,0,0,0,0,1,1,0,0,1,0,0,0,0,0,0,0.22388059701492538,0.22285714285714286,0.018656716417910446,0.014285714285714285,507,0.9881656804733728
"Oglivie, Ben",31,53,30,16,784,901,560,,0,0,0,0,0,0,0,0,0,0,1,0,0,0,0,0,0,0,0,0,0,0,0,0,0,0,0,0,0,0,0,0,0,1,0.2832369942196532,0.2731270082868256,0.014450867052023121,0.03974293928631828,0,0.0
"Roberts, Bip",34,12,14,1,34,12,14,,0,0,0,0,0,0,0,0,0,0,0,0,0,0,0,0,0,1,0,0,0,0,0,1,1,1,0,0,0,0,0,0,0,0,0.25311203319502074,0.25311203319502074,0.004149377593360996,0.004149377593360996,348,0.9712643678160919
"Robidoux, Billy Jo",15,21,33,2,20,29,45,4.2121275979,0,0,0,0,0,0,0,0,0,0,1,0,0,0,0,0,0,0,0,0,0,0,0,0,0,0,0,0,0,0,0,0,0,0,0.2265193370165746,0.21551724137931033,0.0055248618784530384,0.017241379310344827,360,0.9861111111111112
"Russell, Bill",21,18,15,18,796,627,483,,0,0,0,0,0,0,0,0,0,1,0,0,0,0,0,0,0,0,0,0,0,0,0,1,1,0,0,0,0,0,0,0,0,1,0.25,0.2631866630226838,0.0,0.006285870456408855,192,0.9739583333333334
"Sample, Billy",23,14,14,9,371,230,195,,0,0,0,0,0,0,0,0,0,0,0,0,0,0,0,0,0,0,0,0,0,0,0,1,1,0,0,0,0,0,1,0,0,0,0.285,0.2718600953895072,0.03,0.018282988871224166,71,0.9859154929577465
"Schroeder, Bill",32,19,9,4,86,76,32,5.1929568509,0,0,0,0,0,0,0,0,0,0,1,0,0,0,0,0,0,0,0,0,0,0,0,0,0,0,0,0,0,0,0,0,0,1,0.2119815668202765,0.23054755043227665,0.03225806451612903,0.04610951008645533,333,0.996996996996997
"Wynegar, Butch",19,29,30,11,486,493,608,,0,0,0,0,0,0,0,0,0,0,0,0,0,1,0,0,0,0,0,0,0,0,0,0,0,0,0,1,0,0,0,0,0,0,0.20618556701030927,0.25555821180970595,0.03608247422680412,0.015300023906287354,349,0.994269340974212
"Bando, Chris",28,26,22,6,108,117,118,5.7203117766,0,0,0,0,0,1,0,0,0,0,0,0,0,0,0,0,0,0,0,0,0,0,0,0,0,0,0,1,0,0,0,0,0,0,0.2677165354330709,0.23623623623623624,0.007874015748031496,0.021021021021021023,393,0.989821882951654
"Brown, Chris",57,49,33,3,113,121,80,5.3706380281,0,0,0,0,0,0,0,0,0,0,0,0,0,0,0,0,0,0,1,0,0,0,0,1,1,0,1,0,0,0,0,0,0,0,0.3173076923076923,0.2929184549356223,0.016826923076923076,0.02575107296137339,268,0.9328358208955224
"Castillo, Carmen",34,32,9,5,117,107,51,5.511410582,0,0,0,0,0,1,0,0,0,0,0,0,0,0,0,0,0,0,0,0,0,0,0,0,0,0,0,0,0,0,0,0,0,1,0.2780487804878049,0.25396825396825395,0.03902439024390244,0.042328042328042326,66,0.9393939393939394
"Cooper, Cecil",46,75,41,16,987,1089,431,,0,0,0,0,0,0,0,0,0,0,1,0,0,0,0,0,0,0,0,0,0,0,0,0,0,0,0,0,0,0,0,0,0,0,0.25830258302583026,0.3000422594731652,0.02214022140221402,0.03310325397943372,767,0.9882659713168188
"Davis, Chili",71,70,84,6,352,342,289,6.7031881132,0,0,0,0,0,0,0,0,0,0,0,0,0,0,0,0,0,0,1,0,0,0,0,1,1,0,0,0,0,0,0,1,0,0,0.27756653992395436,0.2700151057401813,0.024714828897338403,0.0290785498489426,321,0.9719626168224299
"Fisk, Carlton",42,63,22,17,1003,977,619,6.7742238864,0,0,0,1,0,0,0,0,0,0,0,0,0,0,0,0,0,0,0,0,0,0,0,0,1,0,0,1,0,0,0,0,0,0,0.2210065645514223,0.2709707100138016,0.030634573304157548,0.04309155037570925,432,0.9907407407407407
"Ford, Curt",30,29,23,2,32,32,27,4.248495242,0,0,0,0,0,0,0,0,0,0,0,0,0,0,0,0,0,0,0,0,1,0,0,1,0,0,0,0,0,0,1,0,0,0,0.24766355140186916,0.2610619469026549,0.009345794392523364,0.008849557522123894,119,0.9747899159663865
"Johnson, Cliff",48,55,52,15,539,699,568,,0,0,0,0,0,0,0,0,0,0,0,0,0,0,0,0,0,0,0,0,0,0,1,0,0,0,0,0,0,0,0,0,0,1,0.25,0.25754119138149556,0.044642857142857144,0.04968314321926489,9,1.0
"Lansford, Carney",80,72,39,9,634,563,319,7.0900768358,0,0,0,0,0,0,0,0,0,0,0,0,0,0,1,0,0,0,0,0,0,0,0,0,1,0,1,0,0,0,0,0,0,0,0.28426395939086296,0.29187137114783385,0.032148900169204735,0.02523447967842787,218,0.981651376146789
"Lemon, Chet",45,53,39,12,747,666,526,6.5147126909,0,0,0,0,0,0,1,0,0,0,0,0,0,0,0,0,0,0,0,0,0,0,0,0,0,0,0,0,1,0,0,0,0,0,0.2506203473945409,0.27747572815533983,0.02977667493796526,0.03223300970873787,327,0.9847094801223242
"Maldonado, Candy",49,85,20,6,99,138,64,6.0282785202,0,0,0,0,0,0,0,0,0,0,0,0,0,0,0,0,0,0,1,0,0,0,0,1,1,0,0,0,0,0,1,0,0,0,0.2518518518518518,0.2431578947368421,0.044444444444444446,0.030526315789473683,174,0.9827586206896551
"Martinez, Carmelo",28,25,35,4,164,179,194,5.8289456176,0,0,0,0,0,0,0,0,0,0,0,0,0,0,0,0,0,1,0,0,0,0,0,1,1,0,0,0,0,0,0,0,0,1,0.23770491803278687,0.24943820224719102,0.036885245901639344,0.03670411985018727,158,0.9873417721518988
"Moore, Charlie",24,39,21,14,441,401,333,,0,0,0,0,0,0,0,0,0,0,1,0,0,0,0,0,0,0,0,0,0,0,0,0,0,0,0,1,0,0,0,0,0,0,0.25957446808510637,0.2620988283239939,0.01276595744680851,0.00891492613346918,472,0.9915254237288136
"Reynolds, Craig",32,41,12,12,409,321,170,6.0322873416,0,0,0,0,0,0,0,1,0,0,0,0,0,0,0,0,0,0,0,0,0,0,0,1,1,0,0,0,0,0,0,0,1,0,0.24920127795527156,0.2586851950828434,0.019169329073482427,0.00935328701229289,319,0.9780564263322884
"Ripken, Cal",98,81,70,6,529,472,313,7.2078598714,1,0,0,0,0,0,0,0,0,0,0,0,0,0,0,0,0,0,0,0,0,0,0,0,0,0,0,0,0,0,0,0,1,0,0.2822966507177033,0.288785046728972,0.03987240829346093,0.041433021806853584,735,0.9823129251700681
"Snyder, Cory",58,69,16,1,58,69,16,4.4998096703,0,0,0,0,0,1,0,0,0,0,0,0,0,0,0,0,0,0,0,0,0,0,0,0,0,0,0,0,0,0,0,0,0,1,0.27163461538461536,0.27163461538461536,0.057692307692307696,0.057692307692307696,283,0.9646643109540636
"Speier, Chris",21,23,15,16,698,661,777,5.6167710977,0,0,0,1,0,0,0,0,0,0,0,0,0,0,0,0,0,0,0,0,0,0,0,1,0,0,0,0,0,0,0,0,0,1,0.2838709677419355,0.24641833810888253,0.03870967741935484,0.014779068013874228,144,0.9791666666666666
"Wilkerson, Curt",27,15,11,4,116,64,57,5.4380793089,0,0,0,0,0,0,0,0,0,0,0,0,0,0,0,0,0,0,0,0,0,1,0,0,1,0,0,0,0,0,0,0,0,1,0.23728813559322035,0.242152466367713,0.0,0.0008968609865470852,337,0.9614243323442137
"Anderson, Dave",31,15,22,4,118,69,114,5.4161004022,0,0,0,0,0,0,0,0,0,1,0,0,0,0,0,0,0,0,0,0,0,0,0,1,1,0,0,0,0,0,0,0,0,1,0.24537037037037038,0.2267818574514039,0.004629629629629629,0.009719222462203024,236,0.9533898305084746
"Baker, Dusty",25,19,27,19,964,1013,762,,0,0,0,0,0,0,0,0,0,0,0,0,0,0,1,0,0,0,0,0,0,0,0,0,1,0,0,0,0,0,1,0,0,0,0.2396694214876033,0.2783476183785303,0.01652892561983471,0.03400309119010819,94,1.0
"Baylor, Don",93,94,62,17,1141,1179,727,6.8564619846,0,1,0,0,0,0,0,0,0,0,0,0,0,0,0,0,0,0,0,0,0,0,0,0,0,0,0,0,0,0,0,0,0,1,0.2376068376068376,0.2626557116353035,0.05299145299145299,0.041743970315398886,0,0.0
"Bilardello, Dann",12,17,14,4,61,74,52,,0,0,0,0,0,0,0,0,0,0,0,0,1,0,0,0,0,0,0,0,0,0,0,1,0,0,0,1,0,0,0,0,0,0,0.193717277486911,0.2108667529107374,0.020942408376963352,0.02069857697283312,437,0.9816933638443935
"Boston, Daryl",29,22,21,3,57,40,39,4.3174881135,0,0,0,1,0,0,0,0,0,0,0,0,0,0,0,0,0,0,0,0,0,0,0,0,1,0,0,0,1,0,0,0,0,0,0.2663316582914573,0.23346303501945526,0.02512562814070352,0.01556420233463035,160,0.96875
"Coles, Darnell",67,86,45,4,99,103,78,4.6539603502,0,0,0,0,0,0,1,0,0,0,0,0,0,0,0,0,0,0,0,0,0,0,0,0,0,0,1,0,0,0,0,0,0,0,0.272552783109405,0.25153374233128833,0.03838771593090211,0.026993865030674847,372,0.9381720430107527
"Collins, Dave",44,27,44,12,612,344,422,,0,0,0,0,0,0,1,0,0,0,0,0,0,0,0,0,0,0,0,0,0,0,0,0,0,0,0,0,0,1,0,0,0,0,0.26968973747016706,0.27453166815343444,0.002386634844868735,0.007136485280999108,214,0.9953271028037384
"Concepcion, Dave",42,30,26,17,950,909,690,5.7683209958,0,0,0,0,1,0,0,0,0,0,0,0,0,0,0,0,0,0,0,0,0,0,0,1,1,0,0,0,0,0,0,0,0,1,0.2604501607717042,0.2665211592094095,0.00964630225080386,0.012125621438098703,386,0.9740932642487047
"Daulton, Darren",18,21,38,3,33,32,55,,0,0,0,0,0,0,0,0,0,0,0,0,0,0,0,1,0,0,0,0,0,0,0,1,0,0,0,1,0,0,0,0,0,0,0.2246376811594203,0.21721311475409835,0.057971014492753624,0.04918032786885246,269,0.9851301115241635
"DeCinces, Doug",69,96,52,14,712,815,548,6.7452363495,0,0,1,0,0,0,0,0,0,0,0,0,0,0,0,0,0,0,0,0,0,0,0,0,1,0,1,0,0,0,0,0,0,0,0.255859375,0.26126800074808304,0.05078125,0.041331587806246496,347,0.9654178674351584
"Evans, Darrell",78,85,91,18,1175,1152,1380,6.2822667469,0,0,0,0,0,0,1,0,0,0,0,0,0,0,0,0,0,0,0,0,0,0,0,0,0,0,0,0,0,0,0,0,0,0,0.2406311637080868,0.25086973328179357,0.05719921104536489,0.04471073315294421,918,0.9978213507625272
"Evans, Dwight",86,97,97,15,1082,949,989,6.8387620504,0,1,0,0,0,0,0,0,0,0,0,0,0,0,0,0,0,0,0,0,0,0,0,0,0,0,0,0,0,0,0,1,0,0,0.2589792060491493,0.2679777811139469,0.04914933837429111,0.04368713406395436,295,0.9830508474576272
"Garcia, Damaso",57,46,13,9,461,301,112,6.7452363495,0,0,0,0,0,0,0,0,0,0,0,0,0,0,0,0,0,0,0,0,0,0,1,0,0,1,0,0,0,0,0,0,0,0,0.2806603773584906,0.2864968501780334,0.014150943396226415,0.008764721993974253,518,0.9845559845559846
"Gladden, Dan",55,29,39,4,196,110,117,5.3471075307,0,0,0,0,0,0,0,0,0,0,0,0,0,0,0,0,0,0,1,0,0,0,0,1,1,0,0,0,1,0,0,0,0,0,0.27635327635327633,0.28060413354531,0.011396011396011397,0.012718600953895072,236,0.9872881355932204
"Heep, Danny",24,33,30,8,144,149,153,,0,0,0,0,0,0,0,0,0,0,0,0,0,1,0,0,0,0,0,0,0,0,0,1,0,0,0,0,0,0,1,0,0,0,0.28205128205128205,0.25742574257425743,0.02564102564102564,0.01904036557501904,86,0.9883720930232558
"Henderson, Dave",59,47,39,6,285,274,186,5.7838251823,0,0,0,0,0,0,0,0,0,0,0,0,0,0,0,0,0,0,0,1,0,0,0,0,1,0,0,0,0,0,1,0,0,0,0.2654639175257732,0.25528978840846367,0.03865979381443299,0.03679852805887764,195,0.9794871794871794
"Hill, Donnie",37,29,23,4,123,108,55,5.6167710977,0,0,0,0,0,0,0,0,0,0,0,0,0,0,1,0,0,0,0,0,0,0,0,0,1,0,0,0,0,0,0,0,0,1,0.2831858407079646,0.2725563909774436,0.011799410029498525,0.010338345864661654,326,0.9723926380368099
"Kingman, Dave",70,94,33,16,901,1210,608,,0,0,0,0,0,0,0,0,0,0,0,0,0,0,1,0,0,0,0,0,0,0,0,0,1,0,0,0,0,0,0,0,0,1,0.2103386809269162,0.23588437921222105,0.062388591800356503,0.06619739403923917,503,0.9840954274353877
"Lopes, Davey",49,35,43,15,1019,608,820,6.1092475828,0,0,0,1,0,0,0,0,0,0,0,0,0,0,0,0,0,0,0,0,0,0,0,1,0,0,0,0,0,0,0,0,0,1,0.27450980392156865,0.2631912533671367,0.027450980392156862,0.024401838060529233,113,0.9292035398230089
"Mattingly, Don",117,113,53,5,349,401,171,7.5883236773,0,0,0,0,0,0,0,0,0,0,0,0,0,1,0,0,0,0,0,0,0,0,0,0,0,0,0,0,0,0,0,0,0,0,0.3515509601181684,0.3315339631129105,0.04579025110782865,0.04183535762483131,1483,0.9959541469993257
"Motley, Darryl",23,20,12,5,156,158,67,,0,0,0,0,0,0,0,0,1,0,0,0,0,0,0,0,0,0,0,0,0,0,0,0,1,0,0,0,0,0,0,1,0,0,0.2026431718061674,0.24452830188679245,0.030837004405286344,0.03320754716981132,96,0.9791666666666666
"Murphy, Dale",89,83,75,11,813,822,617,7.5496091652,0,0,0,0,0,0,0,0,0,0,0,0,0,0,0,0,0,0,0,0,0,0,0,1,1,0,0,0,1,0,0,0,0,0,0.26547231270358307,0.27665935818218057,0.04723127035830619,0.05301973290811242,315,0.9809523809523809
"Murphy, Dwayne",50,39,56,9,575,528,635,6.3969296552,0,0,0,0,0,0,0,0,0,0,0,0,0,0,1,0,0,0,0,0,0,0,0,0,1,0,0,0,1,0,0,0,0,0,0.25227963525835867,0.2476489028213166,0.02735562310030395,0.03787878787878788,284,0.9929577464788732
"Parker, Dave",89,116,56,14,978,1093,495,6.9485775935,0,0,0,0,1,0,0,0,0,0,0,0,0,0,0,0,0,0,0,0,0,0,0,1,1,0,0,0,0,0,0,1,0,0,0.2731554160125589,0.30087706258361824,0.04866562009419152,0.036717704771815074,296,0.9695945945945946
"Pasqua, Dan",44,45,47,2,61,70,63,4.7004803658,0,0,0,0,0,0,0,0,0,0,0,0,0,1,0,0,0,0,0,0,0,0,0,0,0,0,0,0,0,1,0,0,0,0,0.29285714285714287,0.26401869158878505,0.05714285714285714,0.05841121495327103,154,0.987012987012987
"Porter, Darrell",21,29,22,16,746,805,875,5.560681631,0,0,0,0,0,0,0,0,0,0,0,0,0,0,0,0,0,0,0,0,0,1,0,0,1,0,0,0,0,0,0,0,0,1,0.2645161290322581,0.2473655019412091,0.07741935483870968,0.03346274727306341,175,0.9942857142857143
"Schofield, Dick",67,57,48,4,160,123,122,6.163314804,0,0,1,0,0,0,0,0,0,0,0,0,0,0,0,0,0,0,0,0,0,0,0,0,1,0,0,0,0,0,0,0,1,0,0.24890829694323144,0.22074074074074074,0.028384279475982533,0.02074074074074074,653,0.9724349157733537
"Slaught, Don",39,46,16,5,156,159,76,6.0672675105,0,0,0,0,0,0,0,0,0,0,0,0,0,0,0,0,0,0,0,0,0,1,0,0,1,0,0,1,0,0,0,0,0,0,0.2643312101910828,0.2779684282772821,0.041401273885350316,0.019217570350034317,577,0.9930675909878682
"Strawberry, Darryl",76,93,72,4,292,343,267,7.1066061377,0,0,0,0,0,0,0,0,0,0,0,0,0,1,0,0,0,0,0,0,0,0,0,1,0,0,0,0,0,0,0,1,0,0,0.25894736842105265,0.26022099447513813,0.056842105263157895,0.05966850828729282,242,0.9752066115702479
"Sveum, Dale",35,35,32,1,35,35,32,4.248495242,0,0,0,0,0,0,0,0,0,0,1,0,0,0,0,0,0,0,0,0,0,0,0,0,0,0,1,0,0,0,0,0,0,0,0.24605678233438485,0.24605678233438485,0.022082018927444796,0.022082018927444796,193,0.8652849740932642
"Tartabull, Danny",76,96,61,3,87,110,71,4.9767337424,0,0,0,0,0,0,0,0,0,0,0,0,0,0,0,0,0,0,0,1,0,0,0,0,1,0,0,0,0,0,0,1,0,0,0.2700587084148728,0.27702702702702703,0.04892367906066536,0.0472972972972973,172,0.9534883720930233
"Thon, Dickie",24,21,29,8,258,192,162,,0,0,0,0,0,0,0,1,0,0,0,0,0,0,0,0,0,0,0,0,0,0,0,1,1,0,0,0,0,0,0,0,1,0,0.24820143884892087,0.27176527176527177,0.01079136690647482,0.015392015392015393,362,0.9723756906077348
"Walling, Denny",54,58,36,12,287,294,227,6.3885614055,0,0,0,0,0,0,0,1,0,0,0,0,0,0,0,0,0,0,0,0,0,0,0,1,1,0,1,0,0,0,0,0,0,0,0.31151832460732987,0.27848101265822783,0.034031413612565446,0.01922175339896859,224,0.9598214285714286
"Winfield, Dave",90,104,77,14,1135,1234,791,7.529116405,0,0,0,0,0,0,0,0,0,0,0,0,0,1,0,0,0,0,0,0,0,0,0,0,0,0,0,0,0,0,0,1,0,0,0.26194690265486725,0.2858515163990668,0.04247787610619469,0.0418553588582407,306,0.9836601307189542
"Cabell, Enos",27,29,14,15,753,596,259,,0,0,0,0,0,0,0,0,0,1,0,0,0,0,0,0,0,0,0,0,0,0,0,1,1,0,0,0,0,0,0,0,0,0,0.2563176895306859,0.2767137096774194,0.007220216606498195,0.010080645161290322,397,0.9874055415617129
"Davis, Eric",97,71,68,3,156,119,99,5.7037824747,0,0,0,0,1,0,0,0,0,0,0,0,0,0,0,0,0,0,0,0,0,0,0,1,1,0,0,0,0,1,0,0,0,0,0.27710843373493976,0.2587904360056259,0.06506024096385542,0.06329113924050633,283,0.9752650176678446
"Milner, Eddie",70,47,36,7,335,174,258,6.1944053911,0,0,0,0,1,0,0,0,0,0,0,0,0,0,0,0,0,0,0,0,0,0,0,1,1,0,0,0,1,0,0,0,0,0,0.25943396226415094,0.25539906103286386,0.03537735849056604,0.01784037558685446,301,0.9900332225913622
"Murray, Eddie",61,84,78,10,884,1015,709,7.8079166289,1,0,0,0,0,0,0,0,0,0,0,0,0,0,0,0,0,0,0,0,0,0,0,0,0,0,0,0,0,0,0,0,0,0,0.30505050505050507,0.2985419630156472,0.03434343434343434,0.04889758179231864,1146,0.9886561954624782
"Riles, Ernest",69,47,54,2,123,92,90,,0,0,0,0,0,0,0,0,0,0,1,0,0,0,0,0,0,0,0,0,0,0,0,0,0,0,0,0,0,0,0,0,1,0,0.25190839694656486,0.2674897119341564,0.01717557251908397,0.01440329218106996,559,0.964221824686941
"Romero, Ed",41,23,18,8,166,122,106,5.926926026,0,1,0,0,0,0,0,0,0,0,0,0,0,0,0,0,0,0,0,0,0,0,0,0,0,0,0,0,0,0,0,0,1,0,0.21030042918454936,0.24888888888888888,0.008583690987124463,0.005185185185185185,244,0.9590163934426229
"Whitt, Ernie",48,56,35,10,266,323,248,,0,0,0,0,0,0,0,0,0,0,0,0,0,0,0,0,0,0,0,0,0,0,1,0,0,0,0,1,0,0,0,0,0,0,0.2683544303797468,0.24793747286148501,0.04050632911392405,0.03734259661311333,757,0.9907529722589168
"Lynn, Fred",67,67,53,13,906,926,716,,1,0,0,0,0,0,0,0,0,0,0,0,0,0,0,0,0,0,0,0,0,0,0,0,0,0,0,0,1,0,0,0,0,0,0.2871536523929471,0.29200214707461086,0.05793450881612091,0.04312041510109143,250,0.984
"Rayford, Floyd",15,19,15,6,107,114,53,,1,0,0,0,0,0,0,0,0,0,0,0,0,0,0,0,0,0,0,0,0,0,0,0,0,0,1,0,0,0,0,0,0,0,0.1761904761904762,0.2454728370221328,0.0380952380952381,0.03621730382293763,170,0.9117647058823529
"Stubbs, Franklin",55,58,37,3,77,77,61,,0,0,0,0,0,0,0,0,0,1,0,0,0,0,0,0,0,0,0,0,0,0,0,1,1,0,0,0,0,1,0,0,0,0,0.2261904761904762,0.21517027863777088,0.05476190476190476,0.047987616099071206,223,0.968609865470852
"White, Frank",76,84,43,14,743,693,300,6.6200732065,0,0,0,0,0,0,0,0,1,0,0,0,0,0,0,0,0,0,0,0,0,0,0,0,1,1,0,0,0,0,0,0,0,0,0.27208480565371024,0.2595081967213115,0.038869257950530034,0.021475409836065575,765,0.9869281045751634
"Bell, George",101,108,41,5,297,319,117,7.0690234266,0,0,0,0,0,0,0,0,0,0,0,0,0,0,0,0,0,0,0,0,0,0,1,0,0,0,0,0,0,1,0,0,0,0,0.3088923556942278,0.28651949271958665,0.0483619344773791,0.04321277595115078,296,0.9662162162162162
"Braggs, Glenn",19,18,11,1,19,18,11,4.248495242,0,0,0,0,0,0,0,0,0,0,1,0,0,0,0,0,0,0,0,0,0,0,0,0,0,0,0,0,0,1,0,0,0,0,0.2372093023255814,0.2372093023255814,0.018604651162790697,0.018604651162790697,133,0.9097744360902256
"Brett, George",70,73,80,14,1072,1050,695,7.3132203871,0,0,0,0,0,0,0,0,1,0,0,0,0,0,0,0,0,0,0,0,0,0,0,0,1,0,1,0,0,0,0,0,0,0,0.29024943310657597,0.3138576779026217,0.036281179138321996,0.031310861423220974,331,0.9516616314199395
"Brock, Greg",33,52,37,5,195,219,214,5.9532433343,0,0,0,0,0,0,0,0,0,1,0,0,0,0,0,0,0,0,0,0,0,0,0,1,1,0,0,0,0,0,0,0,0,0,0.23384615384615384,0.23306772908366533,0.04923076923076923,0.04714475431606906,816,0.9963235294117647
"Carter, Gary",81,105,62,13,847,999,680,7.5629778261,0,0,0,0,0,0,0,0,0,0,0,0,0,1,0,0,0,0,0,0,0,0,0,1,0,0,0,1,0,0,0,0,0,0,0.25510204081632654,0.2714827643080983,0.04897959183673469,0.04469734454890318,939,0.9914802981895634
"Davis, Glenn",91,101,64,3,148,173,95,5.3706380281,0,0,0,0,0,0,0,1,0,0,0,0,0,0,0,0,0,0,0,0,0,0,0,1,1,0,0,0,0,0,0,0,0,0,0.26480836236933797,0.2639593908629442,0.05400696864111498,0.05380710659898477,1375,0.992
"Foster, George",30,42,24,18,986,1239,666,,0,0,0,0,0,0,0,0,0,0,0,0,0,1,0,0,0,0,0,0,0,0,0,1,0,0,0,0,0,1,0,0,0,0,0.22535211267605634,0.274099387726043,0.04929577464788732,0.049551473729175566,104,0.9615384615384616
"Gaetti, Gary",91,108,52,6,361,401,224,6.8023947633,0,0,0,0,0,0,0,0,0,0,0,1,0,0,0,0,0,0,0,0,0,0,0,0,1,0,1,0,0,0,0,0,0,0,0.28691275167785235,0.2543675751222921,0.05704697986577181,0.03738644304682041,473,0.9556025369978859
"Gagne, Greg",63,54,30,4,102,80,50,5.0434251169,0,0,0,0,0,0,0,0,0,0,0,1,0,0,0,0,0,0,0,0,0,0,0,0,1,0,0,0,0,0,0,0,1,0,0.25,0.23581336696090793,0.025423728813559324,0.017654476670870115,631,0.9587955625990491
"Hendrick, George",45,47,26,16,915,1067,546,6.551080335,0,0,1,0,0,0,0,0,0,0,0,0,0,0,0,0,0,0,0,0,0,0,0,0,1,0,0,0,0,0,1,0,0,0,0.27208480565371024,0.27923976608187134,0.04946996466431095,0.037865497076023394,155,0.967741935483871
"Hubbard, Glenn",42,36,66,9,429,365,410,6.2822667469,0,0,0,0,0,0,0,0,0,0,0,0,0,0,0,0,0,0,0,0,0,0,0,1,1,1,0,0,0,0,0,0,0,0,0.23039215686274508,0.24237335572348168,0.00980392156862745,0.01651273439686538,788,0.9758883248730964
"Iorg, Garth",30,44,20,8,216,208,93,5.8930244743,0,0,0,0,0,0,0,0,0,0,0,0,0,0,0,0,0,0,0,0,0,0,1,0,0,0,0,0,0,0,0,0,0,1,0.2599388379204893,0.26542056074766357,0.009174311926605505,0.007476635514018692,288,0.9583333333333334
"Matthews, Gary",49,46,60,15,1070,955,921,6.5975998961,0,0,0,1,0,0,0,0,0,0,0,0,0,0,0,0,0,0,0,0,0,0,0,1,0,0,0,0,0,1,0,0,0,0,0.2594594594594595,0.2822788434010879,0.05675675675675676,0.033066132264529056,151,0.9403973509933775
"Nettles, Graig",36,55,41,20,1172,1267,1057,5.2983173665,0,0,0,0,0,0,0,0,0,0,0,0,0,0,0,0,0,1,0,0,0,0,0,1,1,0,1,0,0,0,0,0,0,0,0.2175141242937853,0.2491968793024323,0.04519774011299435,0.04405690683799908,273,0.9413919413919414
"Pettis, Gary",93,58,69,5,247,126,198,5.9914645471,0,0,1,0,0,0,0,0,0,0,0,0,0,0,0,0,0,0,0,0,0,0,0,0,1,0,0,0,1,0,0,0,0,0,0.25788497217068646,0.25119128658951667,0.00927643784786642,0.008168822328114363,478,0.9853556485355649
"Redus, Gary",62,33,47,5,284,141,219,5.9914645471,0,0,0,0,0,0,0,0,0,0,0,0,0,0,0,1,0,0,0,0,0,0,0,1,0,0,0,0,0,1,0,0,0,0,0.24705882352941178,0.24802110817941952,0.03235294117647059,0.027704485488126648,197,0.9796954314720813
"Templeton, Garry",42,44,35,11,703,519,256,6.6032660882,0,0,0,0,0,0,0,0,0,0,0,0,0,0,0,0,0,1,0,0,0,0,0,1,1,0,0,0,0,0,0,0,1,0,0.24705882352941178,0.2837108953613808,0.00392156862745098,0.007910823444804028,585,0.9658119658119658
"Thomas, Gorman",45,36,58,13,681,782,697,,0,0,0,0,0,0,0,0,0,0,0,0,0,0,0,0,0,0,0,1,0,0,0,0,1,0,0,0,0,0,0,0,0,1,0.1873015873015873,0.22471669873850758,0.050793650793650794,0.057301689116955316,0,0.0
"Walker, Greg",37,51,29,5,211,280,138,6.2146080984,0,0,0,1,0,0,0,0,0,0,0,0,0,0,0,0,0,0,0,0,0,0,0,0,1,0,0,0,0,0,0,0,0,0,0.2765957446808511,0.27471194663432386,0.04609929078014184,0.044269254093389936,732,0.9931693989071039
"Ward, Gary",54,51,31,8,444,419,240,6.3969296552,0,0,0,0,0,0,0,0,0,0,0,0,0,0,0,0,0,0,0,0,0,1,0,0,1,0,0,0,0,1,0,0,0,0,0.3157894736842105,0.28864656831302116,0.013157894736842105,0.029506093649775498,246,0.9959349593495935
"Wilson, Glenn",70,84,42,5,265,316,134,6.4960205579,0,0,0,0,0,0,0,0,0,0,0,0,0,0,0,1,0,0,0,0,0,0,0,1,0,0,0,0,0,0,0,1,0,0,0.2705479452054795,0.2697201017811705,0.025684931506849314,0.024597116200169637,355,0.9887323943661972
"Baines, Harold",72,88,38,7,492,589,263,6.8564619846,0,0,0,1,0,0,0,0,0,0,0,0,0,0,0,0,0,0,0,0,0,0,0,0,1,0,0,0,0,0,0,1,0,0,0.2964912280701754,0.2868939797549281,0.03684210526315789,0.03729355354288759,315,0.9841269841269841
"Brooks, Hubie",50,58,25,7,313,377,187,6.6200732065,0,0,0,0,0,0,0,0,0,0,0,0,1,0,0,0,0,0,0,0,0,0,0,1,0,0,0,0,0,0,0,0,1,0,0.33986928104575165,0.27826675693974273,0.0457516339869281,0.018618821936357482,353,0.9575070821529745
"Johnson, Howard",30,39,31,5,145,154,128,5.695414225,0,0,0,0,0,0,0,0,0,0,0,0,0,1,0,0,0,0,0,0,0,0,0,1,0,0,0,0,0,0,0,0,0,1,0.24545454545454545,0.2523206751054852,0.045454545454545456,0.03375527426160337,206,0.9029126213592233
"McRae, Hal",22,37,18,18,935,1088,643,5.7838251823,0,0,0,0,0,0,0,0,1,0,0,0,0,0,0,0,0,0,0,0,0,0,0,0,1,0,0,0,0,0,0,0,0,1,0.2517985611510791,0.28959087113832455,0.025179856115107913,0.026440300584469802,0,0.0
"Reynolds, Harold",46,24,29,4,72,31,48,4.4716387934,0,0,0,0,0,0,0,0,0,0,0,0,0,0,0,0,0,0,0,1,0,0,0,0,1,1,0,0,0,0,0,0,0,0,0.22247191011235956,0.2087378640776699,0.0022471910112359553,0.0016181229773462784,709,0.9774330042313117
"Spilman, Harry",18,30,15,9,80,97,61,5.1647859739,0,0,0,0,0,0,0,0,0,0,0,0,0,0,0,0,0,0,1,0,0,0,0,1,1,0,0,0,0,0,0,0,0,0,0.2727272727272727,0.23630672926447574,0.03496503496503497,0.025039123630672927,154,0.9935064935064936
"Winningham, Herm",23,11,18,3,58,37,47,4.4998096703,0,0,0,0,0,0,0,0,0,0,0,0,1,0,0,0,0,0,0,0,0,0,0,1,0,0,0,0,0,0,1,0,0,0,0.21621621621621623,0.2385496183206107,0.021621621621621623,0.013358778625954198,101,0.9801980198019802
"Barfield, Jesse",107,108,69,6,371,376,238,7.1208484944,0,0,0,0,0,0,0,0,0,0,0,0,0,0,0,0,0,0,0,0,0,0,1,0,0,0,0,0,0,0,0,1,0,0,0.28862478777589134,0.27268817204301077,0.06791171477079797,0.055053763440860215,391,0.9923273657289002
"Beniquez, Juan",48,36,40,15,581,421,325,6.0637852087,1,0,0,0,0,0,0,0,0,0,0,0,0,0,0,0,0,0,0,0,0,0,0,0,0,0,0,0,0,0,0,0,0,1,0.30029154518950435,0.27501152604887047,0.01749271137026239,0.016136468418626097,280,0.9535714285714286
"Bonilla, Juan",33,18,25,5,139,98,111,,1,0,0,0,0,0,0,0,0,0,0,0,0,0,0,0,0,0,0,0,0,0,0,0,0,1,0,0,0,0,0,0,0,0,0.24295774647887325,0.2565742714996446,0.0035211267605633804,0.0042643923240938165,267,0.9812734082397003
"Cangelosi, John",65,32,71,2,67,32,71,4.605170186,0,0,0,1,0,0,0,0,0,0,0,0,0,0,0,0,0,0,0,0,0,0,0,0,1,0,0,0,0,1,0,0,0,0,0.23515981735159816,0.2340909090909091,0.0045662100456621,0.004545454545454545,292,0.9691780821917808
"Canseco, Jose",85,117,65,2,101,130,69,5.1059454739,0,0,0,0,0,0,0,0,0,0,0,0,0,0,1,0,0,0,0,0,0,0,0,0,1,0,0,0,0,1,0,0,0,0,0.24,0.24856321839080459,0.055,0.05459770114942529,337,0.9584569732937686
"Carter, Joe",108,121,32,4,210,222,68,5.5214609179,0,0,0,0,0,1,0,0,0,0,0,0,0,0,0,0,0,0,0,0,0,0,0,0,0,0,0,0,0,0,0,1,0,0,0.30165912518853694,0.2791983413959917,0.043740573152337855,0.03939184519695923,255,0.9764705882352941
"Clark, Jack",34,23,45,12,702,705,625,7.1701195434,0,0,0,0,0,0,0,0,0,0,0,0,0,0,0,0,0,0,0,0,1,0,0,1,0,0,0,0,0,0,0,0,0,0,0.23706896551724138,0.2753688989784336,0.03879310344827586,0.04404086265607265,661,0.9954614220877458
"Cruz, Jose",48,72,55,17,980,1032,854,6.650709745,0,0,0,0,0,0,0,1,0,0,0,0,0,0,0,0,0,0,0,0,0,0,0,1,1,0,0,0,0,1,0,0,0,0,0.2776617954070981,0.2873394004282655,0.020876826722338204,0.02047644539614561,246,0.983739837398374
"Cruz, Julio",38,19,42,10,557,279,478,,0,0,0,1,0,0,0,0,0,0,0,0,0,0,0,0,0,0,0,0,0,0,0,0,1,1,0,0,0,0,0,0,0,0,0.215311004784689,0.23736719357346464,0.0,0.005960093288416689,342,0.9853801169590644
"Davis, Jody",61,74,41,6,273,383,226,6.9160537512,0,0,0,1,0,0,0,0,0,0,0,0,0,0,0,0,0,0,0,0,0,0,0,1,0,0,0,1,0,0,0,0,0,0,0.25,0.25407042786823175,0.03977272727272727,0.03672851192730026,998,0.9919839679358717
"Dwyer, Jim",18,31,22,14,304,268,298,5.6167710977,1,0,0,0,0,0,0,0,0,0,0,0,0,0,0,0,0,0,0,0,0,0,0,0,0,0,0,0,0,0,0,0,0,1,0.24375,0.2551691729323308,0.05,0.02631578947368421,36,1.0
"Franco, Julio",80,74,32,5,330,326,158,6.6528630294,0,0,0,0,0,1,0,0,0,0,0,0,0,0,0,0,0,0,0,0,0,0,0,0,0,0,0,0,0,0,0,0,1,0,0.3055091819699499,0.28807413376309426,0.01669449081803005,0.010878323932312651,623,0.971107544141252
"Gantner, Jim",58,38,26,11,450,367,241,6.7452363495,0,0,0,0,0,0,0,0,0,0,1,0,0,0,0,0,0,0,0,0,0,0,0,0,0,1,0,0,0,0,0,0,0,0,0.27364185110663986,0.27538103849134593,0.014084507042253521,0.01033324722293981,661,0.9848714069591528
"Grubb, Johnny",32,51,28,15,544,462,551,5.8998973536,0,0,0,0,0,0,1,0,0,0,0,0,0,0,0,0,0,0,0,0,0,0,0,0,0,0,0,0,0,0,0,0,0,1,0.3333333333333333,0.27970297029702973,0.06190476190476191,0.02400990099009901,0,0.0
"Hairston, Jerry",32,26,26,11,202,185,257,,0,0,0,1,0,0,0,0,0,0,0,0,0,0,0,0,0,0,0,0,0,0,0,0,1,0,0,0,0,0,0,0,0,1,0.27111111111111114,0.2602040816326531,0.022222222222222223,0.01594387755102041,141,1.0
"Howell, Jack",26,21,19,2,45,39,35,4.5538768916,0,0,1,0,0,0,0,0,0,0,0,0,0,0,0,0,0,0,0,0,0,0,0,0,1,0,1,0,0,0,0,0,0,0,0.271523178807947,0.2361111111111111,0.026490066225165563,0.03125,86,0.9767441860465116
"Kruk, John",33,38,45,1,33,38,45,4.7004803658,0,0,0,0,0,0,0,0,0,0,0,0,0,0,0,0,0,1,0,0,0,0,0,1,1,0,0,0,0,1,0,0,0,0,0.30935251798561153,0.30935251798561153,0.014388489208633094,0.014388489208633094,108,0.9814814814814815
"Leonard, Jeffrey",48,42,20,10,379,428,221,4.605170186,0,0,0,0,0,0,0,0,0,0,0,0,0,0,0,0,0,0,1,0,0,0,0,1,1,0,0,0,0,1,0,0,0,0,0.2785923753665689,0.2726045883940621,0.017595307917888565,0.027327935222672066,167,0.9700598802395209
"Morrison, Jim",58,88,47,10,302,351,174,5.6258209332,0,0,0,0,0,0,0,0,0,0,0,0,0,0,0,0,1,0,0,0,0,0,0,1,0,0,1,0,0,0,0,0,0,0,0.2737430167597765,0.2660349854227405,0.04283054003724395,0.03534985422740525,369,0.94579945799458
"Moses, John",56,34,34,5,89,48,54,4.3820266347,0,0,0,0,0,0,0,0,0,0,0,0,0,0,0,0,0,0,0,1,0,0,0,0,1,0,0,0,1,0,0,0,0,0,0.2556390977443609,0.24925373134328357,0.007518796992481203,0.005970149253731343,223,0.9865470852017937
"Mumphrey, Jerry",37,32,26,13,616,522,436,6.3969296552,0,0,0,1,0,0,0,0,0,0,0,0,0,0,0,0,0,0,0,0,0,0,0,1,0,0,0,0,0,0,1,0,0,0,0.3042071197411003,0.28800346470333477,0.016181229773462782,0.01234300563014292,167,0.9820359281437125
"Orsulak, Joe",60,19,28,4,126,44,55,,0,0,0,0,0,0,0,0,0,0,0,0,0,0,0,0,1,0,0,0,0,0,0,1,0,0,0,0,0,0,0,1,0,0,0.24937655860349128,0.271689497716895,0.004987531172069825,0.00228310502283105,208,0.9807692307692307
"Orta, Jorge",35,46,23,15,730,741,497,,0,0,0,0,0,0,0,0,1,0,0,0,0,0,0,0,0,0,0,0,0,0,0,0,1,0,0,0,0,0,0,0,0,1,0.2767857142857143,0.2785949126146392,0.026785714285714284,0.022149160754455787,0,0.0
"Presley, Jim",83,107,32,3,181,227,82,5.2983173665,0,0,0,0,0,0,0,0,0,0,0,0,0,0,0,0,0,0,0,1,0,0,0,0,1,0,1,0,0,0,0,0,0,0,0.26461038961038963,0.26235212247738343,0.04383116883116883,0.04523312456506611,433,0.9653579676674365
"Quirk, Jamie",24,26,17,12,100,125,63,,0,0,0,0,0,0,0,0,1,0,0,0,0,0,0,0,0,0,0,0,0,0,0,0,1,0,0,0,0,0,0,0,0,1,0.2146118721461187,0.24074074074074073,0.0365296803652968,0.01936026936026936,322,0.9875776397515528
"Ray, Johnny",67,78,58,6,366,337,218,6.4876840185,0,0,0,0,0,0,0,0,0,0,0,0,0,0,0,0,1,0,0,0,0,0,0,1,0,1,0,0,0,0,0,0,0,0,0.3005181347150259,0.2882410743530953,0.012089810017271158,0.010481493612839829,764,0.993455497382199
"Reed, Jeff",13,9,16,3,18,10,18,4.3174881135,0,0,0,0,0,0,0,0,0,0,0,1,0,0,0,0,0,0,0,0,0,0,0,0,1,0,0,1,0,0,0,0,0,0,0.23636363636363636,0.22448979591836735,0.012121212121212121,0.01020408163265306,353,0.9943342776203966
"Rice, Jim",98,110,62,13,1104,1289,564,7.7884188332,0,1,0,0,0,0,0,0,0,0,0,0,0,0,0,0,0,0,0,0,0,0,0,0,0,0,0,0,0,1,0,0,0,0,0.32362459546925565,0.3034937561386278,0.032362459546925564,0.04924933352041532,354,0.9774011299435028
"Royster, Jerry",31,26,32,14,518,324,382,5.5214609179,0,0,0,0,0,0,0,0,0,0,0,0,0,0,0,0,0,1,0,0,0,0,0,1,1,0,0,0,0,0,0,0,0,1,0.25680933852140075,0.250383631713555,0.019455252918287938,0.00843989769820972,267,0.947565543071161
"Russell, John",35,60,25,3,68,94,55,5.0434251169,0,0,0,0,0,0,0,0,0,0,0,0,0,0,0,1,0,0,0,0,0,0,0,1,0,0,0,1,0,0,0,0,0,0,0.24126984126984127,0.2396825396825397,0.04126984126984127,0.0380952380952381,550,0.9763636363636363
"Samuel, Juan",90,78,26,4,310,226,91,6.4614681764,0,0,0,0,0,0,0,0,0,0,0,0,0,0,0,1,0,0,0,0,0,0,0,1,0,1,0,0,0,0,0,0,0,0,0.2656514382402707,0.26782178217821784,0.02707275803722504,0.02574257425742574,755,0.9668874172185431
"Shelby, John",54,49,18,6,188,135,63,5.7037824747,1,0,0,0,0,0,0,0,0,0,0,0,0,0,0,0,0,0,0,0,0,0,0,0,0,0,0,0,0,0,1,0,0,0,0.22772277227722773,0.24002954209748892,0.027227722772277228,0.022156573116691284,232,0.978448275862069
"Skinner, Joel",23,37,16,4,38,46,28,4.7004803658,0,0,0,1,0,0,0,0,0,0,0,0,0,0,0,0,0,0,0,0,0,0,0,0,1,0,0,1,0,0,0,0,0,0,0.23174603174603176,0.24,0.015873015873015872,0.013333333333333334,245,0.9877551020408163
"Stone, Jeff",32,19,20,4,97,48,44,,0,0,0,0,0,0,0,0,0,0,0,0,0,0,0,1,0,0,0,0,0,0,0,1,0,0,0,0,0,0,1,0,0,0,0.27710843373493976,0.29772079772079774,0.024096385542168676,0.014245014245014245,113,0.9823008849557522
"Sundberg, Jim",41,42,57,13,578,579,644,6.7153833863,0,0,0,0,0,0,0,0,1,0,0,0,0,0,0,0,0,0,0,0,0,0,0,0,1,0,0,1,0,0,0,0,0,0,0.21212121212121213,0.24991055456171735,0.027972027972027972,0.0148479427549195,736,0.9945652173913043
"Traber, Jim",28,44,18,2,31,46,20,,1,0,0,0,0,0,0,0,0,0,0,0,0,0,0,0,0,0,0,0,0,0,0,0,0,0,0,0,0,0,0,0,0,1,0.25471698113207547,0.2532188841201717,0.06132075471698113,0.055793991416309016,271,0.981549815498155
"Uribe, Jose",46,43,61,3,96,72,91,5.2729995586,0,0,0,0,0,0,0,0,0,0,0,0,0,0,0,0,0,0,1,0,0,0,0,1,1,0,0,0,0,0,0,0,1,0,0.2229580573951435,0.229957805907173,0.006622516556291391,0.006329113924050633,709,0.9774330042313117
"Willard, Jerry",17,26,22,3,77,99,76,,0,0,0,0,0,0,0,0,0,0,0,0,0,0,1,0,0,0,0,0,0,0,0,0,1,0,0,1,0,0,0,0,0,0,0.2670807453416149,0.2531824611032532,0.024844720496894408,0.0297029702970297,314,0.9936305732484076
"Youngblood, Joel",20,28,18,11,419,382,304,6.1092475828,0,0,0,0,0,0,0,0,0,0,0,0,0,0,0,0,0,0,1,0,0,0,0,1,1,0,0,0,0,0,1,0,0,0,0.2554347826086957,0.2675082657048392,0.02717391304347826,0.022242260294559665,51,1.0
"Bass, Kevin",83,79,38,5,219,195,82,6.4457198194,0,0,0,0,0,0,0,1,0,0,0,0,0,0,0,0,0,0,0,0,0,0,0,1,1,0,0,0,0,0,0,1,0,0,0.311336717428088,0.27353463587921845,0.0338409475465313,0.023682652457075192,320,0.984375
"Daniels, Kal",34,23,22,1,34,23,22,4.4601444139,0,0,0,0,1,0,0,0,0,0,0,0,0,0,0,0,0,0,0,0,0,0,0,1,1,0,0,0,0,0,1,0,0,0,0.32044198895027626,0.32044198895027626,0.03314917127071823,0.03314917127071823,91,0.967032967032967
"Gibson, Kirk",84,86,68,8,433,420,309,7.1701195434,0,0,0,0,0,0,1,0,0,0,0,0,0,0,0,0,0,0,0,0,0,0,0,0,0,0,0,0,0,0,0,1,0,0,0.2675736961451247,0.2754315093646713,0.06349206349206349,0.04627249357326478,194,0.9896907216494846
"Griffey, Ken",69,58,35,14,983,707,600,6.907755279,0,0,0,0,0,0,0,0,0,0,0,0,0,1,0,0,0,0,0,0,0,0,0,0,0,0,0,0,0,0,1,0,0,0,0.30612244897959184,0.30019588638589617,0.04285714285714286,0.019751877244531504,104,0.9711538461538461
"Hernandez, Keith",94,83,94,13,969,900,917,7.4955419439,0,0,0,0,0,0,0,0,0,0,0,0,0,1,0,0,0,0,0,0,0,0,0,1,0,0,0,0,0,0,0,0,0,0,0.3103448275862069,0.3021346469622332,0.023593466424682397,0.021018062397372743,1353,0.9963045084996305
"Hrbek, Kent",85,91,71,6,405,474,319,7.1777824162,0,0,0,0,0,0,0,0,0,0,0,1,0,0,0,0,0,0,0,0,0,0,0,0,1,0,0,0,0,0,0,0,0,0,0.2672727272727273,0.28941761363636365,0.05272727272727273,0.041548295454545456,1332,0.9924924924924925
"Landreaux, Ken",34,29,22,10,505,456,283,6.6032660882,0,0,0,0,0,0,0,0,0,1,0,0,0,0,0,0,0,0,0,0,0,0,0,1,1,0,0,0,0,0,1,0,0,0,0.26148409893992935,0.27098749681041084,0.014134275618374558,0.02168920643021179,157,0.9554140127388535
"McReynolds, Kevin",89,96,66,4,233,260,155,6.4377516497,0,0,0,0,0,0,0,0,0,0,0,0,0,0,0,0,0,1,0,0,0,0,0,1,1,0,0,0,1,0,0,0,0,0,0.2875,0.26271660145332587,0.04642857142857143,0.03633314700950251,349,0.9770773638968482
"Mitchell, Kevin",51,43,33,2,51,44,33,4.8283137373,0,0,0,0,0,0,0,0,0,0,0,0,0,1,0,0,0,0,0,0,0,0,0,1,0,0,0,0,0,0,0,0,0,1,0.2774390243902439,0.27485380116959063,0.036585365853658534,0.03508771929824561,212,0.9622641509433962
"Moreland, Keith",72,79,53,9,363,477,295,6.9501756754,0,0,0,1,0,0,0,0,0,0,0,0,0,0,0,0,0,0,0,0,0,0,0,1,0,0,0,0,0,0,0,1,0,0,0.2713310580204778,0.2855288773523686,0.020477815699658702,0.02693056456846204,198,0.9797979797979798
"Oberkfell, Ken",62,48,83,10,408,303,414,6.5861716549,0,0,0,0,0,0,0,0,0,0,0,0,0,0,0,0,0,0,0,0,0,0,0,1,1,0,1,0,0,0,0,0,0,0,0.27037773359840955,0.2833771545427987,0.009940357852882704,0.0058428279287175,331,0.9758308157099698
"Phelps, Ken",69,64,88,7,150,156,187,5.7037824747,0,0,0,0,0,0,0,0,0,0,0,0,0,0,0,0,0,0,0,1,0,0,0,0,1,0,0,0,0,0,0,0,0,1,0.24709302325581395,0.2349066959385291,0.06976744186046512,0.07025246981339188,0,0.0
"Puckett, Kirby",119,96,34,3,262,201,91,5.8998973536,0,0,0,0,0,0,0,0,0,0,0,1,0,0,0,0,0,0,0,0,0,0,0,0,1,0,0,0,1,0,0,0,0,0,0.32794117647058824,0.30446058091286304,0.045588235294117645,0.01815352697095436,443,0.9864559819413092
"Stillwell, Kurt",31,26,30,1,31,26,30,4.3174881135,0,0,0,0,1,0,0,0,0,0,0,0,0,0,0,0,0,0,0,0,0,0,0,1,1,0,0,0,0,0,0,0,1,0,0.22939068100358423,0.22939068100358423,0.0,0.0,328,0.9512195121951219
"Durham, Leon",66,65,67,7,436,458,377,7.0760903121,0,0,0,1,0,0,0,0,0,0,0,0,0,0,0,0,0,0,0,0,0,0,0,1,0,0,0,0,0,0,0,0,0,0,0.26239669421487605,0.28077178975382566,0.04132231404958678,0.0385894876912841,1318,0.9946889226100152
"Dykstra, Len",77,45,58,2,117,64,88,5.3107398865,0,0,0,0,0,0,0,0,0,0,0,0,0,1,0,0,0,0,0,0,0,0,0,1,0,0,0,0,1,0,0,0,0,0,0.29466357308584684,0.280359820089955,0.018561484918793503,0.013493253373313344,294,0.9897959183673469
"Herndon, Larry",33,37,27,12,557,483,307,5.4161004022,0,0,0,0,0,0,1,0,0,0,0,0,0,0,0,0,0,0,0,0,0,0,0,0,0,0,0,0,0,0,1,0,0,0,0.24734982332155478,0.27282875641884347,0.028268551236749116,0.020986827416834115,160,0.9875
"Lacy, Lee",77,47,37,15,615,430,340,6.2633982626,1,0,0,0,0,0,0,0,0,0,0,0,0,0,0,0,0,0,0,0,0,0,0,0,0,0,0,0,0,0,0,1,0,0,0.28716904276985744,0.28897692845490563,0.02240325865580448,0.01957585644371941,249,0.9919678714859438
"Matuszek, Len",26,28,21,6,113,119,87,5.579729826,0,0,0,0,0,0,0,0,0,1,0,0,0,0,0,0,0,0,0,0,0,0,0,1,1,0,0,0,0,0,0,0,0,1,0.2613065326633166,0.2372670807453416,0.04522613065326633,0.037267080745341616,262,0.9809160305343512
"Moseby, Lloyd",89,86,64,7,513,471,351,6.6688633707,0,0,0,0,0,0,0,0,0,0,0,0,0,0,0,0,0,0,0,0,0,0,1,0,0,0,0,0,1,0,0,0,0,0,0.2529711375212224,0.26082068577852724,0.035653650254668934,0.02866779089376054,383,0.9843342036553525
"Parrish, Lance",53,62,38,10,577,700,334,6.6846117277,0,0,0,0,0,0,1,0,0,0,0,0,0,0,0,0,0,0,0,0,0,0,0,0,0,0,0,1,0,0,0,0,0,0,0.25688073394495414,0.2628130119354084,0.0672782874617737,0.04961385443482331,537,0.9888268156424581
"Parrish, Larry",67,94,52,13,740,840,452,6.375876246,0,0,0,0,0,0,0,0,0,0,0,0,0,0,0,0,0,0,0,0,0,1,0,0,1,0,0,0,0,0,0,0,0,1,0.27586206896551724,0.26625493223537483,0.0603448275862069,0.03602676273803397,0,0.0
"Rivera, Luis",20,13,17,1,20,13,17,,0,0,0,0,0,0,0,0,0,0,0,0,1,0,0,0,0,0,0,0,0,0,0,1,0,0,0,0,0,0,0,0,1,0,0.20481927710843373,0.20481927710843373,0.0,0.0,192,0.953125
"Sheets, Larry",42,60,21,3,88,112,50,4.9767337424,1,0,0,0,0,0,0,0,0,0,0,0,0,0,0,0,0,0,0,0,0,0,0,0,0,0,0,0,0,0,0,0,0,1,0.27218934911242604,0.27126099706744866,0.05325443786982249,0.05278592375366569,0,0.0
"Smith, Lonnie",80,44,46,9,571,289,326,,0,0,0,0,0,0,0,0,1,0,0,0,0,0,0,0,0,0,0,0,0,0,0,0,1,0,0,0,0,1,0,0,0,0,0.2874015748031496,0.2906607369758577,0.015748031496062992,0.013024142312579416,259,0.9652509652509652
"Whitaker, Lou",95,73,63,10,724,522,576,6.0402547113,0,0,0,0,0,0,1,0,0,0,0,0,0,0,0,0,0,0,0,0,0,0,0,0,0,1,0,0,0,0,0,0,0,0,0.2688356164383562,0.28061224489795916,0.03424657534246575,0.019770408163265307,708,0.9844632768361582
"Aldrete, Mike",27,25,33,1,27,25,33,4.3174881135,0,0,0,0,0,0,0,0,0,0,0,0,0,0,0,0,0,0,1,0,0,0,0,1,1,0,0,0,0,0,0,0,0,1,0.25,0.25,0.009259259259259259,0.009259259259259259,354,0.9971751412429378
"Barrett, Marty",94,60,65,5,216,163,166,6.3543700408,0,1,0,0,0,0,0,0,0,0,0,0,0,0,0,0,0,0,0,0,0,0,0,0,0,1,0,0,0,0,0,0,0,0,0.2864,0.2806603773584906,0.0064,0.007075471698113208,767,0.9817470664928292
"Brown, Mike",18,26,27,4,101,110,76,,0,0,0,0,0,0,0,0,0,0,0,0,0,0,0,0,1,0,0,0,0,0,0,1,0,0,0,0,0,0,1,0,0,0,0.21810699588477367,0.2672919109026964,0.01646090534979424,0.026963657678780773,113,0.9734513274336283
"Davis, Mike",77,55,34,7,300,263,153,6.6592939197,0,0,0,0,0,0,0,0,0,0,0,0,0,0,1,0,0,0,0,0,0,0,0,0,1,0,0,0,0,0,0,1,0,0,0.26789366053169733,0.26767430521696733,0.03885480572597137,0.03022915650901999,328,0.9725609756097561
"Diaz, Mike",22,36,19,2,24,37,19,4.4998096703,0,0,0,0,0,0,0,0,0,0,0,0,0,0,0,0,1,0,0,0,0,0,0,1,0,0,0,0,0,0,0,0,0,1,0.2679425837320574,0.26851851851851855,0.05741626794258373,0.05555555555555555,210,0.9857142857142858
"Duncan, Mariano",47,30,30,2,121,69,68,5.0106352941,0,0,0,0,0,0,0,0,0,1,0,0,0,0,0,0,0,0,0,0,0,0,0,1,1,0,0,0,0,0,0,0,1,0,0.2285012285012285,0.23735810113519093,0.019656019656019656,0.014447884416924664,514,0.9513618677042801
"Easler, Mike",64,78,49,13,445,491,301,6.551080335,0,0,0,0,0,0,0,0,0,0,0,0,0,1,0,0,0,0,0,0,0,0,0,0,0,0,0,0,0,0,0,0,0,1,0.3020408163265306,0.29411764705882354,0.02857142857142857,0.03323529411764706,0,0.0
"Fitzgerald, Mike",20,37,27,4,66,106,92,,0,0,0,0,0,0,0,0,0,0,0,0,1,0,0,0,0,0,0,0,0,0,0,1,0,0,0,1,0,0,0,0,0,0,0.2822966507177033,0.23642533936651583,0.028708133971291867,0.01583710407239819,453,0.9933774834437086
"Hall, Mel",68,77,33,6,210,203,136,6.3099182782,0,0,0,0,0,1,0,0,0,0,0,0,0,0,0,0,0,0,0,0,0,0,0,0,0,0,0,0,0,1,0,0,0,0,0.29638009049773756,0.2810734463276836,0.04072398190045249,0.033192090395480225,247,0.97165991902834
"Hatcher, Mickey",40,32,19,8,269,270,118,,0,0,0,0,0,0,0,0,0,0,0,1,0,0,0,0,0,0,0,0,0,0,0,0,1,0,0,0,0,0,0,0,0,1,0.277602523659306,0.2811639795517106,0.00946372239747634,0.01101061738104601,240,0.9833333333333333
"Heath, Mike",30,36,27,9,315,325,189,6.4769723629,0,0,0,0,0,0,0,0,0,0,0,0,0,0,0,0,0,0,0,0,1,0,0,1,0,0,0,1,0,0,0,0,0,0,0.22569444444444445,0.24795737122557726,0.027777777777777776,0.019538188277087035,299,0.9665551839464883
"Kingery, Mike",25,14,12,1,25,14,12,4.2195077052,0,0,0,0,0,0,0,0,1,0,0,0,0,0,0,0,0,0,0,0,0,0,0,0,1,0,0,0,0,0,1,0,0,0,0.2583732057416268,0.2583732057416268,0.014354066985645933,0.014354066985645933,111,0.972972972972973
"LaValliere, Mike",18,30,36,3,20,36,45,4.605170186,0,0,0,0,0,0,0,0,0,0,0,0,0,0,0,0,0,0,0,0,1,0,0,1,0,0,0,1,0,0,0,0,0,0,0.23432343234323433,0.22093023255813954,0.009900990099009901,0.00872093023255814,521,0.9884836852207294
"Marshall, Mike",47,53,27,6,247,288,161,6.5072777124,0,0,0,0,0,0,0,0,0,1,0,0,0,0,0,0,0,0,0,0,0,0,0,1,1,0,0,0,0,0,0,1,0,0,0.23333333333333334,0.2676348547717842,0.05757575757575758,0.046680497925311204,163,0.9631901840490797
"Pagliarulo, Mike",71,71,54,3,150,167,114,5.1647859739,0,0,0,0,0,0,0,0,0,0,0,0,0,1,0,0,0,0,0,0,0,0,0,0,0,0,1,0,0,0,0,0,0,0,0.23809523809523808,0.23870967741935484,0.05555555555555555,0.04976958525345622,405,0.9530864197530864
"Salas, Mark",28,33,18,3,80,75,36,4.9199809258,0,0,0,0,0,0,0,0,0,0,0,1,0,0,0,0,0,0,0,0,0,0,0,0,1,0,0,1,0,0,0,0,0,0,0.23255813953488372,0.2664576802507837,0.031007751937984496,0.02664576802507837,398,0.9798994974874372
"Schmidt, Mike",97,119,89,15,1347,1392,1354,7.6626243615,0,0,0,0,0,0,0,0,0,0,0,0,0,0,0,1,0,0,0,0,0,0,0,1,0,0,1,0,0,0,0,0,0,0,0.2898550724637681,0.2679648930334613,0.06702898550724638,0.06788261108063631,304,0.9802631578947368
"Scioscia, Mike",36,26,62,7,181,199,288,6.7742238864,0,0,0,0,0,0,0,0,0,1,0,0,0,0,0,0,0,0,0,0,0,0,0,1,1,0,0,1,0,0,0,0,0,0,0.25133689839572193,0.26371951219512196,0.013368983957219251,0.013211382113821139,835,0.9820359281437125
"Tettleton, Mickey",26,35,39,3,59,55,78,4.7874917428,0,0,0,0,0,0,0,0,0,0,0,0,0,0,1,0,0,0,0,0,0,0,0,0,1,0,0,1,0,0,0,0,0,0,0.2037914691943128,0.23293172690763053,0.04739336492890995,0.028112449799196786,503,0.9840954274353877
"Thompson, Milt",38,23,26,3,71,33,44,4.9416424226,0,0,0,0,0,0,0,0,0,0,0,0,0,0,0,1,0,0,0,0,0,0,0,1,0,0,0,0,1,0,0,0,0,0,0.2508361204013378,0.27586206896551724,0.020066889632107024,0.013793103448275862,215,0.9906976744186047
"Webster, Mitch",89,49,57,4,132,83,79,5.3471075307,0,0,0,0,0,0,0,0,0,0,0,0,1,0,0,0,0,0,0,0,0,0,0,1,0,0,0,0,1,0,0,0,0,0,0.2899305555555556,0.2822384428223844,0.013888888888888888,0.023114355231143552,345,0.9768115942028985
"Wilson, Mookie",61,45,32,7,451,249,168,6.6846117277,0,0,0,0,0,0,0,0,0,0,0,0,0,1,0,0,0,0,0,0,0,0,0,1,0,0,0,0,0,0,1,0,0,0,0.2887139107611549,0.2766169154228856,0.023622047244094488,0.013266998341625208,240,0.9791666666666666
"Wynne, Marvell",34,37,15,4,198,120,113,5.4806389233,0,0,0,0,0,0,0,0,0,0,0,0,0,0,0,0,0,1,0,0,0,0,0,1,1,0,0,0,0,0,1,0,0,0,0.2638888888888889,0.24817518248175183,0.024305555555555556,0.009732360097323601,209,0.9856459330143541
"Young, Mike",43,42,49,5,181,177,157,5.8579331545,1,0,0,0,0,0,0,0,0,0,0,0,0,0,0,0,0,0,0,0,0,0,0,0,0,0,0,0,0,1,0,0,0,0,0.25203252032520324,0.25675675675675674,0.024390243902439025,0.04292527821939587,156,0.9615384615384616
"Esasky, Nick",35,41,47,4,167,198,167,,0,0,0,0,1,0,0,0,0,0,0,0,0,0,0,0,0,0,0,0,0,0,0,1,1,0,0,0,0,0,0,0,0,0,0.23030303030303031,0.23847841989758595,0.03636363636363636,0.04023408924652524,547,0.9908592321755028
"Guillen, Ozzie",58,47,12,2,129,80,24,5.1647859739,0,0,0,1,0,0,0,0,0,0,0,0,0,0,0,0,0,0,0,0,0,0,0,0,1,0,0,0,0,0,0,0,1,0,0.25045703839122485,0.2610789980732177,0.003656307129798903,0.002890173410404624,742,0.9703504043126685
"McDowell, Oddibe",105,49,65,2,168,91,101,5.2983173665,0,0,0,0,0,0,0,0,0,0,0,0,0,0,0,0,0,0,0,0,0,1,0,0,1,0,0,0,1,0,0,0,0,0,0.26573426573426573,0.254601226993865,0.03146853146853147,0.03680981595092025,341,0.9912023460410557
"Moreno, Omar",46,27,21,12,699,386,387,,0,0,0,0,0,0,0,0,0,0,0,0,0,0,0,0,0,0,0,0,0,0,0,1,1,0,0,0,0,0,0,1,0,0,0.233983286908078,0.25180288461538464,0.011142061281337047,0.007411858974358974,164,0.9695121951219512
"Smith, Ozzie",67,54,79,9,583,374,528,7.5704432521,0,0,0,0,0,0,0,0,0,0,0,0,0,0,0,0,0,0,0,0,1,0,0,1,0,0,0,0,0,0,0,0,1,0,0.2801556420233463,0.2466765140324963,0.0,0.002743194766828445,697,0.9784791965566715
"Virgil, Ozzie",45,48,63,7,176,202,175,6.551080335,0,0,0,0,0,0,0,0,0,0,0,0,0,0,0,0,0,0,0,0,0,0,0,1,1,0,0,1,0,0,0,0,0,0,0.22284122562674094,0.24045545880776958,0.04178272980501393,0.04085733422638982,788,0.983502538071066
"Bradley, Phil",88,50,77,4,245,167,174,6.6200732065,0,0,0,0,0,0,0,0,0,0,0,0,0,0,0,0,0,0,0,1,0,0,0,0,1,0,0,0,0,1,0,0,0,0,0.30988593155893535,0.30205655526992287,0.022813688212927757,0.02442159383033419,262,0.9961832061068703
"Garner, Phil",43,41,30,14,751,714,535,6.1092475828,0,0,0,0,0,0,0,1,0,0,0,0,0,0,0,0,0,0,0,0,0,0,0,1,1,0,1,0,0,0,0,0,0,0,0.26517571884984026,0.2621920135938828,0.02875399361022364,0.017672047578589634,222,0.8963963963963963
"Incaviglia, Pete",82,88,55,1,82,88,55,5.1474944768,0,0,0,0,0,0,0,0,0,0,0,0,0,0,0,0,0,0,0,0,0,1,0,0,1,0,0,0,0,0,0,1,0,0,0.25,0.25,0.05555555555555555,0.05555555555555555,177,0.9209039548022598
"Molitor, Paul",62,55,40,9,676,390,364,7.1388669999,0,0,0,0,0,0,0,0,0,0,1,0,0,0,0,0,0,0,0,0,0,0,0,0,0,0,1,0,0,0,0,0,0,0,0.2814645308924485,0.2906499154385117,0.020594965675057208,0.019086735926552308,267,0.9438202247191011
"O'Brien, Pete",86,90,87,5,278,328,273,,0,0,0,0,0,0,0,0,0,0,0,0,0,0,0,0,0,0,0,0,0,1,0,0,1,0,0,0,0,0,0,0,0,0,0.29038112522686027,0.26935123042505593,0.041742286751361164,0.03355704697986577,1350,0.9918518518518519
"Rose, Pete",15,25,30,24,2165,1314,1566,6.6200732065,0,0,0,0,1,0,0,0,0,0,0,0,0,0,0,0,0,0,0,0,0,0,0,1,1,0,0,0,0,0,0,0,0,0,0.21940928270042195,0.3028534832420124,0.0,0.011385469294812496,572,0.9895104895104895
"Sheridan, Pat",41,19,21,5,166,125,105,5.2470240722,0,0,0,0,0,0,1,0,0,0,0,0,0,0,0,0,0,0,0,0,0,0,0,0,0,0,0,0,0,0,1,0,0,0,0.23728813559322035,0.2617342879872713,0.025423728813559324,0.01909307875894988,177,0.9774011299435028
"Tabler, Pat",61,48,29,6,250,252,178,6.3630281035,0,0,0,0,0,1,0,0,0,0,0,0,0,0,0,0,0,0,0,0,0,0,0,0,0,0,0,0,0,0,0,0,0,0,0.32558139534883723,0.28789420142421157,0.012684989429175475,0.014750762970498474,939,0.9904153354632588
"Belliard, Rafael",33,31,26,5,41,32,26,4.8675344505,0,0,0,0,0,0,0,0,0,0,0,0,0,0,0,0,1,0,0,0,0,0,0,1,0,0,0,0,0,0,0,0,1,0,0.23300970873786409,0.23163841807909605,0.0,0.0,398,0.9698492462311558
"Burleson, Rick",35,29,33,12,630,435,403,6.1092475828,0,0,1,0,0,0,0,0,0,0,0,0,0,0,0,0,0,0,0,0,0,0,0,0,1,0,0,0,0,0,0,0,0,1,0.28413284132841327,0.27528887086965337,0.01845018450184502,0.009730387188323536,155,0.9806451612903225
"Bush, Randy",50,45,39,5,178,192,136,5.7037824747,0,0,0,0,0,0,0,0,0,0,0,1,0,0,0,0,0,0,0,0,0,0,0,0,1,0,0,0,0,1,0,0,0,0,0.2689075630252101,0.2467718794835007,0.0196078431372549,0.03084648493543759,173,0.976878612716763
"Cerone, Rick",22,18,15,12,266,304,198,5.5214609179,0,0,0,0,0,0,0,0,0,0,1,0,0,0,0,0,0,0,0,0,0,0,0,0,0,0,0,1,0,0,0,0,0,0,0.25925925925925924,0.23783977110157367,0.018518518518518517,0.015379113018597998,439,0.9908883826879271
"Cey, Ron",42,36,44,16,965,1128,990,6.9565454432,0,0,0,1,0,0,0,0,0,0,0,0,0,0,0,0,0,0,0,0,0,0,0,1,0,0,1,0,0,0,0,0,0,0,0.2734375,0.26140549730801926,0.05078125,0.04420515726834797,167,0.9520958083832335
"Deer, Rob",75,86,72,3,102,109,102,5.3706380281,0,0,0,0,0,0,0,0,0,0,1,0,0,0,0,0,0,0,0,0,0,0,0,0,0,0,0,0,0,0,0,1,0,0,0.2317596566523605,0.21779141104294478,0.07081545064377683,0.06748466257668712,302,0.9735099337748344
"Dempsey, Rick",42,29,45,18,438,380,466,5.9914645471,1,0,0,0,0,0,0,0,0,0,0,0,0,0,0,0,0,0,0,0,0,0,0,0,0,0,0,1,0,0,0,0,0,0,0.20795107033639143,0.237781716890352,0.039755351681957186,0.019751835907824766,719,0.9902642559109874
"Gedman, Rich",49,65,37,7,244,288,150,,0,1,0,0,0,0,0,0,0,0,0,0,0,0,0,0,0,0,0,0,0,0,0,0,0,0,0,1,0,0,0,0,0,0,0.25757575757575757,0.2735804786485218,0.03463203463203463,0.0323791647114031,937,0.9935965848452508
"Hassey, Ron",45,49,46,9,249,322,274,6.3279367837,0,0,0,0,0,0,0,0,0,0,0,0,0,1,0,0,0,0,0,0,0,0,0,0,0,0,0,1,0,0,0,0,0,0,0.3225806451612903,0.2822822822822823,0.026392961876832845,0.02145002145002145,264,0.9848484848484849
"Henderson, Rickey",130,74,89,8,862,417,708,7.4205789054,0,0,0,0,0,0,0,0,0,0,0,0,0,1,0,0,0,0,0,0,0,0,0,0,0,0,0,0,1,0,0,0,0,0,0.2631578947368421,0.290346352247605,0.046052631578947366,0.0253009088676001,436,0.9862385321100917
"Jackson, Reggie",65,58,92,20,1509,1659,1342,6.1892902904,0,0,1,0,0,0,0,0,0,0,0,0,0,0,0,0,0,0,0,0,0,0,0,0,1,0,0,0,0,0,0,0,0,1,0.24105011933174225,0.26343408900083964,0.04295942720763723,0.05751469353484467,0,0.0
"Jones, Ruppert",73,49,64,11,618,551,514,,0,0,1,0,0,0,0,0,0,0,0,0,0,0,0,0,0,0,0,0,0,0,0,0,1,0,0,0,0,0,0,1,0,0,0.22900763358778625,0.25005919962112244,0.043256997455470736,0.032914989344068196,214,0.9813084112149533
"Kittle, Ron",42,60,35,5,238,299,157,6.0520891689,0,0,0,1,0,0,0,0,0,0,0,0,0,0,0,0,0,0,0,0,0,0,0,0,1,0,0,0,0,0,0,0,0,1,0.21808510638297873,0.2305084745762712,0.05585106382978723,0.06497175141242938,0,0.0
"Knight, Ray",51,76,40,11,410,497,284,6.2146080984,0,0,0,0,0,0,0,0,0,0,0,0,0,1,0,0,0,0,0,0,0,0,0,1,0,0,1,0,0,0,0,0,0,0,0.29835390946502055,0.2777917822031762,0.02263374485596708,0.01688933703050164,308,0.948051948051948
"Kutcher, Randy",28,16,11,1,28,16,11,,0,0,0,0,0,0,0,0,0,0,0,0,0,0,0,0,0,0,1,0,0,0,0,1,1,0,0,0,0,0,1,0,0,0,0.23655913978494625,0.23655913978494625,0.03763440860215054,0.03763440860215054,103,0.9902912621359223
"Law, Rudy",42,36,29,7,379,198,184,,0,0,0,0,0,0,0,0,1,0,0,0,0,0,0,0,0,0,0,0,0,0,0,0,1,0,0,0,0,0,1,0,0,0,0.26058631921824105,0.27096241222635276,0.003257328990228013,0.007434944237918215,149,0.9865771812080537
"Leach, Rick",35,39,13,6,102,96,80,5.5214609179,0,0,0,0,0,0,0,0,0,0,0,0,0,0,0,0,0,0,0,0,0,0,1,0,0,0,0,0,0,0,0,0,0,1,0.3089430894308943,0.2565789473684211,0.02032520325203252,0.013157894736842105,45,0.9777777777777777
"Manning, Rick",31,27,17,12,643,445,459,5.9914645471,0,0,0,0,0,0,0,0,0,0,1,0,0,0,0,0,0,0,0,0,0,0,0,0,0,0,0,0,0,0,1,0,0,0,0.25365853658536586,0.25769380599922087,0.03902439024390244,0.01090767432800935,160,0.9875
"Mulliniks, Rance",50,45,43,10,295,273,269,6.1092475828,0,0,0,0,0,0,0,0,0,0,0,0,0,0,0,0,0,0,0,0,0,0,1,0,0,0,1,0,0,0,0,0,0,0,0.25862068965517243,0.26835664335664333,0.031609195402298854,0.018793706293706292,242,0.9752066115702479
"Oester, Ron",52,44,52,9,377,284,296,6.6200732065,0,0,0,0,1,0,0,0,0,0,0,0,0,0,0,0,0,0,0,0,0,0,0,1,1,1,0,0,0,0,0,0,0,0,0.25812619502868067,0.26573634204275537,0.015296367112810707,0.01157957244655582,861,0.9779326364692218
"Quinones, Rey",32,22,24,1,32,22,24,4.248495242,0,1,0,0,0,0,0,0,0,0,0,0,0,0,0,0,0,0,0,0,0,0,0,0,0,0,0,0,0,0,0,0,1,0,0.21794871794871795,0.21794871794871795,0.00641025641025641,0.00641025641025641,251,0.9402390438247012
"Ramirez, Rafael",57,33,21,7,365,280,165,6.7742238864,0,0,0,0,0,0,0,0,0,0,0,0,0,0,0,0,0,0,0,0,0,0,0,1,1,0,0,0,0,0,0,0,0,1,0.2399193548387097,0.26265634306134605,0.016129032258064516,0.01072066706372841,555,0.9477477477477477
"Reynolds, R.J.",63,48,40,4,135,125,79,5.2470240722,0,0,0,0,0,0,0,0,0,0,0,0,0,0,0,0,1,0,0,0,0,0,0,1,0,0,0,0,0,1,0,0,0,0,0.26865671641791045,0.2688588007736944,0.022388059701492536,0.015473887814313346,201,0.9552238805970149
"Roenicke, Ron",42,42,61,6,128,104,172,5.252273428,0,0,0,0,0,0,0,0,0,0,0,0,0,0,0,1,0,0,0,0,0,0,0,1,0,0,0,0,0,0,1,0,0,0,0.24727272727272728,0.24765868886576484,0.01818181818181818,0.01664932362122789,186,0.989247311827957
"Sandberg, Ryne",68,76,46,6,494,345,242,6.6066501862,0,0,0,1,0,0,0,0,0,0,0,0,0,0,0,0,0,0,0,0,0,0,0,1,0,1,0,0,0,0,0,0,0,0,0.2838915470494418,0.2867132867132867,0.022328548644338118,0.023521932612841703,806,0.9937965260545906
"Santana, Rafael",38,28,36,4,94,71,76,5.5214609179,0,0,0,0,0,0,0,0,0,0,0,0,0,1,0,0,0,0,0,0,0,0,0,1,0,0,0,0,0,0,0,0,1,0,0.2182741116751269,0.24517906336088155,0.0025380710659898475,0.0027548209366391185,588,0.9727891156462585
"Schu, Rick",32,25,18,3,98,54,62,4.9416424226,0,0,0,0,0,0,0,0,0,0,0,0,0,0,0,1,0,0,0,0,0,0,0,1,0,0,1,0,0,0,0,0,0,0,0.27403846153846156,0.26033690658499237,0.038461538461538464,0.026033690658499236,149,0.912751677852349
"Sierra, Ruben",50,55,22,1,50,55,22,4.579852378,0,0,0,0,0,0,0,0,0,0,0,0,0,0,0,0,0,0,0,0,0,1,0,0,1,0,0,0,0,0,1,0,0,0,0.2643979057591623,0.2643979057591623,0.041884816753926704,0.041884816753926704,213,0.971830985915493
"Smalley, Roy",59,57,68,12,713,660,735,6.6066501862,0,0,0,0,0,0,0,0,0,0,0,1,0,0,0,0,0,0,0,0,0,0,0,0,1,0,0,0,0,0,0,0,0,1,0.24618736383442266,0.25598354525056094,0.04357298474945534,0.028982797307404638,0,0.0
"Thompson, Robby",73,47,42,1,73,47,42,4.9416424226,0,0,0,0,0,0,0,0,0,0,0,0,0,0,0,0,0,0,1,0,0,0,0,1,1,1,0,0,0,0,0,0,0,0,0.27140255009107467,0.27140255009107467,0.012750455373406194,0.012750455373406194,722,0.9764542936288089
"Wilfong, Rob",25,33,16,10,315,259,204,5.8338365785,0,0,1,0,0,0,0,0,0,0,0,0,0,0,0,0,0,0,0,0,0,0,0,0,1,1,0,0,0,0,0,0,0,0,0.21875,0.24869500372856077,0.010416666666666666,0.014168530947054437,399,0.9824561403508771
"Williams, Reggie",35,32,23,2,39,32,23,,0,0,0,0,0,0,0,0,0,1,0,0,0,0,0,0,0,0,0,0,0,0,0,1,1,0,0,0,1,0,0,0,0,0,0.27722772277227725,0.27884615384615385,0.013201320132013201,0.01282051282051282,187,0.983957219251337
"Yount, Robin",82,46,62,13,1043,827,535,6.907755279,0,0,0,0,0,0,0,0,0,0,1,0,0,0,0,0,0,0,0,0,0,0,0,0,0,0,0,0,1,0,0,0,0,0,0.31226053639846746,0.2869120363791388,0.017241379310344827,0.021742219695893135,362,0.9972375690607734
"Balboni, Steve",54,88,43,6,204,276,155,4.605170186,0,0,0,0,0,0,0,0,1,0,0,0,0,0,0,0,0,0,0,0,0,0,0,0,1,0,0,0,0,0,0,0,0,0,0.228515625,0.23542857142857143,0.056640625,0.05714285714285714,1352,0.9866863905325444
"Bradley, Scott",20,28,13,3,27,31,15,4.4998096703,0,0,0,0,0,0,0,0,0,0,0,0,0,0,0,0,0,0,0,1,0,0,0,0,1,0,0,1,0,0,0,0,0,0,0.3,0.27586206896551724,0.022727272727272728,0.017241379310344827,305,0.9901639344262295
"Bream, Sid",73,77,60,4,93,106,86,5.2983173665,0,0,0,0,0,0,0,0,0,0,0,0,0,0,0,0,1,0,0,0,0,0,0,1,0,0,0,0,0,0,0,0,0,0,0.2681992337164751,0.2534246575342466,0.03065134099616858,0.030136986301369864,1503,0.9886892880904857
"Buechele, Steve",54,54,35,2,76,75,49,4.9052747784,0,0,0,0,0,0,0,0,0,0,0,0,0,0,0,0,0,0,0,0,0,1,0,0,1,0,1,0,0,0,0,0,0,0,0.24295010845986983,0.23529411764705882,0.039045553145336226,0.03529411764705882,348,0.9683908045977011
"Dunston, Shawon",66,68,21,2,106,86,40,5.0434251169,0,0,0,1,0,0,0,0,0,0,0,0,0,0,0,0,0,0,0,0,0,0,0,1,0,0,0,0,0,0,0,0,1,0,0.2495697074010327,0.2527075812274368,0.029259896729776247,0.02527075812274368,817,0.9608323133414932
"Fletcher, Scott",82,50,47,6,218,149,163,6.163314804,0,0,0,0,0,0,0,0,0,0,0,0,0,0,0,0,0,0,0,0,0,1,0,0,1,0,0,0,0,0,0,0,1,0,0.3,0.2631253860407659,0.005660377358490566,0.0067943174799258805,565,0.9734513274336283
"Garvey, Steve",58,81,23,18,1138,1299,478,7.2793188354,0,0,0,0,0,0,0,0,0,0,0,0,0,0,0,0,0,1,0,0,0,0,0,1,1,0,0,0,0,0,0,0,0,0,0.25493716337522443,0.29489667770293415,0.03770197486535009,0.030939604977737185,1220,0.9942622950819672
"Jeltz, Steve",44,36,65,4,68,56,99,5.0106352941,0,0,0,0,0,0,0,0,0,0,0,0,0,0,0,1,0,0,0,0,0,0,0,1,0,0,0,0,0,0,0,0,1,0,0.21867881548974943,0.20815752461322082,0.0,0.0014064697609001407,657,0.9665144596651446
"Lombardozzi, Steve",53,33,52,2,63,39,58,4.6539603502,0,0,0,0,0,0,0,0,0,0,0,1,0,0,0,0,0,0,0,0,0,0,0,0,1,1,0,0,0,0,0,0,0,0,0.22737306843267108,0.24260355029585798,0.017660044150110375,0.015779092702169626,702,0.9914529914529915
"Owen, Spike",67,45,51,4,211,146,155,5.8579331545,0,0,0,0,0,0,0,0,0,0,0,0,0,0,0,0,0,0,0,1,0,0,0,0,1,0,0,0,0,0,0,0,1,0,0.23106060606060605,0.23484848484848486,0.001893939393939394,0.006993006993006993,598,0.9715719063545151
"Sax, Steve",91,56,59,6,420,230,274,4.4998096703,0,0,0,0,0,0,0,0,0,1,0,0,0,0,0,0,0,0,0,0,0,0,0,1,1,1,0,0,0,0,0,0,0,0,0.33175355450236965,0.28403908794788274,0.009478672985781991,0.006188925081433224,815,0.9803680981595092
"Armas, Tony",40,58,24,11,542,727,230,,0,1,0,0,0,0,0,0,0,0,0,0,0,0,0,0,0,0,0,0,0,0,0,0,0,0,0,0,1,0,0,0,0,0,0.2635294117647059,0.2512740970529581,0.02588235294117647,0.04963438954132506,259,0.9691119691119691
"Bernazard, Tony",88,73,53,8,450,342,373,6.2728770065,0,0,0,0,0,1,0,0,0,0,0,0,0,0,0,0,0,0,0,0,0,0,0,0,0,1,0,0,0,0,0,0,0,0,0.30071174377224197,0.2643822697265011,0.030249110320284697,0.0191763596353348,810,0.9790123456790123
"Brookens, Tom",42,25,20,8,324,300,179,5.8338365785,0,0,0,0,0,0,1,0,0,0,0,0,0,0,0,0,0,0,0,0,0,0,0,0,0,0,0,0,0,0,0,0,0,1,0.2704626334519573,0.24717832957110608,0.010676156583629894,0.01805869074492099,257,0.9727626459143969
"Brunansky, Tom",69,75,53,6,369,384,321,6.8458798753,0,0,0,0,0,0,0,0,0,0,0,1,0,0,0,0,0,0,0,0,0,0,0,0,1,0,0,0,0,0,0,1,0,0,0.2563237774030354,0.2481012658227848,0.0387858347386172,0.04810126582278481,331,0.9818731117824774
"Fernandez, Tony",91,65,27,4,196,137,89,5.8579331545,0,0,0,0,0,0,0,0,0,0,0,0,0,0,0,0,0,0,0,0,0,0,1,0,0,0,0,0,0,0,0,0,1,0,0.31004366812227074,0.2951251646903821,0.01455604075691412,0.009881422924901186,752,0.9827127659574468
"Flannery, Tim",48,28,54,8,207,162,198,5.7889413034,0,0,0,0,0,0,0,0,0,0,0,0,0,0,0,0,0,1,0,0,0,0,0,1,1,1,0,0,0,0,0,0,0,0,0.2798913043478261,0.2598840274117027,0.008152173913043478,0.004744333157617291,458,0.9934497816593887
"Foley, Tom",26,23,30,4,83,82,86,5.5214609179,0,0,0,0,0,0,0,0,0,0,0,0,1,0,0,0,0,0,0,0,0,0,0,1,0,0,0,0,0,0,0,0,0,1,0.2661596958174905,0.24774774774774774,0.0038022813688212928,0.010135135135135136,232,0.9827586206896551
"Gwynn, Tony",107,59,52,5,352,230,193,6.6066501862,0,0,0,0,0,0,0,0,0,0,0,0,0,0,0,0,0,1,0,0,0,0,0,1,1,0,0,0,0,0,0,1,0,0,0.32866043613707163,0.3257191201353638,0.021806853582554516,0.011421319796954314,360,0.9888888888888889
"Harper, Terry",26,30,29,7,135,163,128,6.0520891689,0,0,0,0,0,0,0,0,0,0,0,0,0,0,0,0,0,0,0,0,0,0,0,1,1,0,0,0,0,0,1,0,0,0,0.25660377358490566,0.25355272999252054,0.03018867924528302,0.02393418100224383,100,0.97
"Harrah, Toby",36,41,44,17,1115,919,1153,,0,0,0,0,0,0,0,0,0,0,0,0,0,0,0,0,0,0,0,0,0,1,0,0,1,1,0,0,0,0,0,0,0,0,0.2179930795847751,0.26398270737638474,0.02422145328719723,0.026344231288840853,384,0.9817708333333334
"Herr, Tommy",48,61,73,8,421,349,359,6.8297937375,0,0,0,0,0,0,0,0,0,0,0,0,0,0,0,0,0,0,0,0,1,0,0,1,0,1,0,0,0,0,0,0,0,0,0.2522361359570662,0.27640733712839977,0.0035778175313059034,0.005060088551549652,775,0.9883870967741936
"Hulett, Tim",53,44,21,4,106,80,52,5.2203558251,0,0,0,1,0,0,0,0,0,0,0,0,0,0,0,0,0,0,0,0,0,0,0,0,1,0,1,0,0,0,0,0,0,0,0.23076923076923078,0.24487594390507011,0.032692307692307694,0.023732470334412083,225,0.9511111111111111
"Kennedy, Terry",46,57,37,9,347,477,238,6.82437367,0,0,0,0,0,0,0,0,0,0,0,0,0,0,0,0,0,1,0,0,0,0,0,1,1,0,0,1,0,0,0,0,0,0,0.2638888888888889,0.2715683367921731,0.027777777777777776,0.02431070263860065,770,0.9896103896103896
"Landrum, Tito",24,17,20,7,105,99,71,5.6583212634,0,0,0,0,0,0,0,0,0,0,0,0,0,0,0,0,0,0,0,0,1,0,0,1,0,0,0,0,0,0,1,0,0,0,0.2097560975609756,0.25644028103044497,0.00975609756097561,0.01405152224824356,138,0.9927536231884058
"Laudner, Tim",21,29,24,6,129,139,106,5.5012582105,0,0,0,0,0,0,0,0,0,0,0,1,0,0,0,0,0,0,0,0,0,0,0,0,1,0,0,1,0,0,0,0,0,0,0.24352331606217617,0.22535211267605634,0.05181347150259067,0.03697183098591549,317,0.9842271293375394
"O'Malley, Tom",19,18,17,5,88,95,104,,1,0,0,0,0,0,0,0,0,0,0,0,0,0,0,0,0,0,0,0,0,0,0,0,0,0,1,0,0,0,0,0,0,0,0.2541436464088398,0.25400213447171827,0.0055248618784530384,0.0096051227321238,144,0.9375
"Paciorek, Tom",17,22,3,17,488,491,244,5.4595855141,0,0,0,0,0,0,0,0,0,0,0,0,0,0,0,0,0,0,0,0,0,1,0,0,1,0,0,0,0,0,0,0,0,1,0.2863849765258216,0.2819502585570057,0.018779342723004695,0.020438315685791675,227,0.9823788546255506
"Pena, Tony",56,52,53,7,307,340,174,7.0475172214,0,0,0,0,0,0,0,0,0,0,0,0,0,0,0,0,1,0,0,0,0,0,0,1,0,0,0,1,0,0,0,0,0,0,0.28823529411764703,0.28586350974930363,0.0196078431372549,0.02193593314763231,927,0.9805825242718447
"Pendleton, Terry",56,59,34,3,149,161,87,5.0751738152,0,0,0,0,0,0,0,0,0,0,0,0,0,0,0,0,0,0,0,0,1,0,0,1,0,0,1,0,0,0,0,0,0,0,0.23875432525951557,0.2551822730521801,0.0017301038062283738,0.005003573981415297,524,0.9618320610687023
"Perez, Tony",14,29,25,23,1272,1652,925,,0,0,0,0,1,0,0,0,0,0,0,0,0,0,0,0,0,0,0,0,0,0,0,1,1,0,0,0,0,0,0,0,0,0,0.255,0.27940274084679895,0.01,0.038760482716301906,434,0.9838709677419355
"Phillips, Tony",76,52,76,5,226,149,191,6.0520891689,0,0,0,0,0,0,0,0,0,0,0,0,0,0,1,0,0,0,0,0,0,0,0,0,1,1,0,0,0,0,0,0,0,0,0.2562358276643991,0.25679172056921085,0.011337868480725623,0.010996119016817595,461,0.9761388286334056
"Puhl, Terry",17,14,15,10,579,363,406,6.8023947633,0,0,0,0,0,0,0,1,0,0,0,0,0,0,0,0,0,0,0,0,0,0,0,1,1,0,0,0,0,0,1,0,0,0,0.2441860465116279,0.28144884973078804,0.01744186046511628,0.013950073421439061,65,1.0
"Raines, Tim",91,62,78,8,604,314,469,,0,0,0,0,0,0,0,0,0,0,0,0,1,0,0,0,0,0,0,0,0,0,0,1,0,0,0,0,0,1,0,0,0,0,0.33448275862068966,0.30486358244365364,0.015517241379310345,0.014234875444839857,289,0.9792387543252595
"Simmons, Ted",14,25,12,19,1048,1348,819,6.2146080984,0,0,0,0,0,0,0,0,0,0,0,0,0,0,0,0,0,0,0,0,0,0,0,1,1,0,0,0,0,0,0,0,0,1,0.25196850393700787,0.28608861362553595,0.031496062992125984,0.028823249166269653,191,0.9685863874345549
"Teufel, Tim",35,31,32,4,180,148,158,5.6258209332,0,0,0,0,0,0,0,0,0,0,0,0,0,1,0,0,0,0,0,0,0,0,0,1,0,1,0,0,0,0,0,0,0,0,0.24731182795698925,0.2612214863870493,0.014336917562724014,0.022810890360559236,315,0.9714285714285714
"Wallach, Tim",50,71,44,7,338,406,239,6.6200732065,0,0,0,0,0,0,0,0,0,0,0,0,1,0,0,0,0,0,0,0,0,0,0,1,0,0,1,0,0,0,0,0,0,0,0.23333333333333334,0.2543714945562521,0.0375,0.036291652919828436,380,0.9578947368421052
"Coleman, Vince",94,29,60,2,201,69,110,5.0751738152,0,0,0,0,0,0,0,0,0,0,0,0,0,0,0,0,0,0,0,0,1,0,0,1,0,0,0,0,0,1,0,0,0,0,0.23166666666666666,0.25,0.0,0.0008090614886731392,321,0.9719626168224299
"Hayes, Von",107,98,74,6,399,366,286,7.1701195434,0,0,0,0,0,0,0,0,0,0,0,0,0,0,0,1,0,0,0,0,0,0,0,1,0,0,0,0,0,0,0,0,0,0,0.30491803278688523,0.2760263929618768,0.03114754098360656,0.025293255131964808,1291,0.9899302865995352
"Law, Vance",37,44,37,7,279,257,246,6.2633982626,0,0,0,0,0,0,0,0,0,0,0,0,1,0,0,0,0,0,0,0,0,0,0,1,0,1,0,0,0,0,0,0,0,0,0.225,0.2495590828924162,0.013888888888888888,0.018077601410934743,457,0.9934354485776805
"Backman, Wally",67,27,36,7,272,125,194,6.3099182782,0,0,0,0,0,0,0,0,0,0,0,0,0,1,0,0,0,0,0,0,0,0,0,1,0,1,0,0,0,0,0,0,0,0,0.32041343669250644,0.28507042253521125,0.002583979328165375,0.0033802816901408453,493,0.9655172413793104
"Boggs, Wade",107,71,105,5,474,322,417,7.3777589082,0,1,0,0,0,0,0,0,0,0,0,0,0,0,0,0,0,0,0,0,0,0,0,0,0,0,1,0,0,0,0,0,0,0,0.3568965517241379,0.35205183585313177,0.013793103448275862,0.011519078473722102,407,0.9533169533169533
"Clark, Will",66,41,34,1,66,41,34,4.7874917428,0,0,0,0,0,0,0,0,0,0,0,0,0,0,0,0,0,0,1,0,0,0,0,1,1,0,0,0,0,0,0,0,0,0,0.2867647058823529,0.2867647058823529,0.02696078431372549,0.02696078431372549,1025,0.9892682926829268
"Joyner, Wally",82,100,57,1,82,100,57,5.1059454739,0,0,1,0,0,0,0,0,0,0,0,0,0,0,0,0,0,0,0,0,0,0,0,0,1,0,0,0,0,0,0,0,0,0,0.2900505902192243,0.2900505902192243,0.03709949409780776,0.03709949409780776,1376,0.9890988372093024
"Krenchicki, Wayne",21,23,22,8,107,124,106,,0,0,0,0,0,0,0,0,0,0,0,0,1,0,0,0,0,0,0,0,0,0,0,1,0,0,0,0,0,0,0,0,0,1,0.2398190045248869,0.2662276575729069,0.00904977375565611,0.014111006585136407,389,0.9845758354755784
"McGee, Willie",65,48,37,5,379,311,138,6.551080335,0,0,0,0,0,0,0,0,0,0,0,0,0,0,0,0,0,0,0,0,1,0,0,1,0,0,0,0,1,0,0,0,0,0,0.25553319919517103,0.2981871994080651,0.014084507042253521,0.011838697743248243,337,0.9910979228486647
"Randolph, Willie",76,50,94,12,897,451,875,6.7742238864,0,0,0,0,0,0,0,0,0,0,0,0,0,1,0,0,0,0,0,0,0,0,0,0,0,1,0,0,0,0,0,0,0,0,0.2764227642276423,0.27417891489747775,0.01016260162601626,0.007076755579749592,714,0.9719887955182073
"Tolleson, Wayne",61,43,52,6,217,93,146,5.9532433343,0,0,0,1,0,0,0,0,0,0,0,0,0,0,0,0,0,0,0,0,0,0,0,0,1,0,1,0,0,0,0,0,0,0,0.26526315789473687,0.25470588235294117,0.00631578947368421,0.00411764705882353,157,0.9554140127388535
"Upshaw, Willie",85,60,78,8,470,420,332,6.8669332845,0,0,0,0,0,0,0,0,0,0,0,0,0,0,0,0,0,0,0,0,0,0,1,0,0,0,0,0,0,0,0,0,0,0,0.2513089005235602,0.2679799874921826,0.015706806282722512,0.030331457160725453,1457,0.9917638984214139
"Wilson, Willie",77,44,31,11,775,357,249,6.907755279,0,0,0,0,0,0,0,0,1,0,0,0,0,0,0,0,0,0,0,0,0,0,0,0,1,0,0,0,1,0,0,0,0,0,0.2694136291600634,0.2968622656886716,0.014263074484944533,0.006112469437652812,415,0.9927710843373494
